Country,UrbanArea,Population,Year,BaseYearPopulationEstimate,LandAreaSquareMiles,Density,LandAreaKm2,Density,BaseYear,PopulationSource,LandAreaSource
Japan,Tokyo-Yokohama,"37843000",2015,"37100000","3300","11500","8547","4400",2010,C,B
Indonesia,Jakarta,"30539000",2015,"27300000","1245","24500","3225","9500",2010,C,B
India,"Delhi, DL-UP-HR","24998000",2015,"22250000",800,"31200","2072","12100",2011,A,B
Philippines,Manila,"24123000",2015,"20750000",610,"39500","1580","15300",2010,C,B
South Korea,Seoul-Incheon,"23480000",2015,"22500000",875,"26800","2266","10400",2010,C,B
China,"Shanghai, SHG-JS-ZJ","23416000",2015,"22025000","1475","15900","3820","6100",2013,L,B
Pakistan,Karachi,"22123000",2015,"19530000",365,"60600",945,"23400",2011,C,B
China,"Beijing, BJ","21009000",2015,"19000000","1475","14200","3820","5500",2013,L,B
United States,"New York, NY-NJ-CT","20630000",2015,"20366000","4495","4500","11642","1800",2010,N,N
China,"Guangzhou-Foshan, GD","20597000",2015,"16400000","1325","15500","3432","6000",2010,C,B
Brazil,Sao Paulo,"20365000",2015,"19200000","1045","19500","2707","7500",2010,C,B
Mexico,Mexico City,"20063000",2015,"19250000",800,"25100","2072","9700",2010,C,B
India,"Mumbai, MH","17712000",2015,"16600000",211,"83900",546,"32400",2011,C,B
Japan,Osaka-Kobe-Kyoto,"17444000",2015,"17000000","1240","14100","3212","5400",2010,C,B
Russia,Moscow,"16170000",2015,"15500000","1800","9000","4662","3500",2010,C,B
Bangladesh,Dhaka,"15669000",2015,"13600000",139,"112700",360,"43500",2011,C,B
Egypt,Cairo,"15600000",2015,"15600000",680,"22900","1761","8900",2015,C,B
United States,"Los Angeles, CA","15058000",2015,"14667000","2432","6000","6299","2400",2010,N,N
Thailand,Bangkok,"14998000",2015,"13500000","1000","15000","2590","5800",2010,C,B
India,"Kolkata, WB","14667000",2015,"14113000",465,"31500","1204","12200",2011,A,B
Argentina,Buenos Aires,"14122000",2015,"13370000","1035","13600","2681","5300",2010,C,B
Iran,Tehran,"13532000",2015,"13000000",575,"23500","1489","9100",2011,C,B
Turkey,Istanbul,"13287000",2015,"12400000",525,"25300","1360","9800",2011,C,B
Nigeria,Lagos,"13123000",2015,"13123000",350,"37500",907,"14500",2015,D,B
China,"Shenzhen, GD","12084000",2015,"11500000",675,"17900","1748","6900",2010,C,B
Brazil,Rio de Janeiro,"11727000",2015,"11300000",780,"15000","2020","5800",2010,C,B
Congo (Dem. Rep.),Kinshasa,"11587000",2015,"11587000",225,"51500",583,"19900",2015,D,B
China,"Tianjin, TJ","10920000",2015,"10275000",775,"14100","2007","5400",2013,F,B
France,Paris,"10858000",2015,"10460000","1098","9500","2845","3800",2010,A,A
Peru,Lima,"10750000",2015,"10750000",355,"30300",919,"11700",2015,C,B
China,"Chengdu, SC","10376000",2015,"8750000",595,"17400","1541","6700",2010,C,B
United Kingdom,London,"10236000",2015,"9787000",671,"14600","1738","5900",2011,A,A
Japan,Nagoya,"10177000",2015,"10000000","1500","6800","3885","2600",2010,C,B
Pakistan,Lahore,"10052000",2015,"8675000",305,"33000",790,"12700",2010,F,B
India,"Bangalore, KA","9807000",2015,"8499000",450,"21800","1166","8400",2011,A,B
India,"Chennai, TN","9714000",2015,"8696000",375,"25900",971,"10000",2011,A,B
United States,"Chicago, IL-IN-WI","9156000",2015,"9023000","2647","3400","6856","1300",2010,N,N
Colombia,Bogota,"8991000",2015,"7150000",190,"47300",492,"18300",2005,C,B
Viet Nam,Ho Chi Minh City,"8957000",2015,"8200000",575,"15600","1489","6000",2012,C,B
India,"Hyderabad, AP","8754000",2015,"7749000",475,"18400","1230","7100",2011,A,B
China,"Dongguan, GD","8442000",2015,"8100000",625,"13500","1619","5200",2010,C,B
South Africa,Johannesburg-East Rand,"8432000",2015,"7600000","1000","8400","2590","3300",2011,C,B
China,"Wuhan, HUB","7509000",2015,"7350000",450,"16700","1166","6400",2013,L,B
China: Taiwan,Taipei,"7438000",2015,"7200000",440,"16900","1140","6500",2005,C,B
China,"Hangzhou, ZJ","7275000",2015,"5950000",470,"15500","1217","6000",2010,C,B
China: Hong Kong SAR,Hong Kong,"7246000",2015,"7050000",106,"68400",275,"26400",2011,C,B
China,"Chongqing, CQ","7217000",2015,"6200000",360,"20000",932,"7700",2010,C,B
India,"Ahmadabad, GJ","7186000",2015,"6352000",135,"53200",350,"20600",2011,A,B
Malaysia,Kuala Lumpur,"7088000",2015,"6100000",750,"9500","1943","3600",2010,C,B
China,"Quanzhou, FJ","6710000",2015,"5600000",590,"11400","1528","4400",2010,C,B
Germany,Essen-Dusseldorf,"6679000",2011,"6700000","1025","6500","2655","2500",2011,C,B
Iraq,Baghdad,"6625000",2015,"6625000",260,"25500",673,"9800",2015,D,B
Canada,"Toronto, ON","6456000",2015,"6094000",883,"7300","2287","2800",2011,N,N
Chile,Santiago,"6225000",2015,"6100000",380,"16400",984,"6300",2012,C,B
United States,"Dallas-Fort Worth, TX","6174000",2015,"5658000","1998","2800","5175","1200",2010,N,N
Spain,Madrid,"6171000",2015,"5900000",510,"12100","1321","4700",2011,C,B
China,"Nanjing, JS","6155000",2015,"5775000",490,"12600","1269","4800",2013,L,B
China,"Shenyang, LN","6078000",2015,"5500000",390,"15600","1010","6000",2010,C,B
China,"Xi'an, SAA","5977000",2015,"5175000",360,"16600",932,"6400",2010,C,B
United States,"San Francisco-San Jose, CA","5929000",2010,"5808000","1080","5400","2797","2100",2010,N,N
Angola,Luanda,"5899000",2015,"4790000",345,"17100",894,"6600",2010,C,B
China,"Qingdao, SD","5816000",2015,"5100000",575,"10100","1489","3900",2010,C,B
United States,"Houston, TX","5764000",2015,"5184000","1793","2900","4644","1200",2010,N,N
United States,"Miami, FL","5764000",2015,"5502000","1239","4400","3209","1800",2010,A,A
Indonesia,Bandung,"5695000",2015,"5300000",180,"31600",466,"12200",2010,C,B
Saudi Arabia,Riyadh,"5666000",2015,"4850000",580,"9800","1502","3800",2010,C,B
India,"Pune, MH","5631000",2015,"5050000",185,"30400",479,"11800",2011,A,B
Singapore,Singapore,"5624000",2015,"5150000",200,"28100",518,"10900",2010,A,B
United States,"Philadelphia, PA-NJ-DE-MD","5570000",2015,"5442000","1981","2700","5131","1100",2010,A,A
India,"Surat, GJ","5447000",2015,"4585000",90,"60500",233,"23400",2011,A,B
Italy,Milan,"5257000",2015,"5200000",730,"7200","1891","2800",2010,C,B
China,"Suzhou, JS","5246000",2015,"4000000",435,"12100","1127","4700",2010,C,B
Russia,St. Petersburg,"5126000",2015,"5050000",520,"9900","1347","3800",2010,C,B
Sudan,Khartoum,"5125000",2015,"5125000",360,"14200",932,"5500",2015,D,B
United States,"Atlanta, GA","5015000",2015,"4515000","2645","1700","6851",7002010,A,A
China,"Zhengzhou, HEN","4942000",2015,"4175000",320,"15400",829,"6000",2010,C,B
United States,"Washington, DC-VA-MD","4889000",2015,"4587000","1322","3500","3424","1400",2010,A,A
Indonesia,Surabaya,"4881000",2015,"4650000",260,"18800",673,"7200",2010,C,B
China,"Harbin, HL","4815000",2015,"4350000",220,"21900",570,"8500",2010,C,B
Ivory Coast,Abidjan,"4800000",2015,"4800000",125,"38400",324,"14800",2015,D,B
Myanmar,Yangon,"4800000",2015,"4800000",210,"22900",544,"8800",2015,D,B
Kenya,Nairobi,"4738000",2015,"3600000",215,"22000",557,"8500",2008,C,B
Spain,Barcelona,"4693000",2015,"4500000",415,"11300","1075","4400",2011,C,B
Egypt,Alexandria,"4689000",2015,"4350000",113,"41500",293,"16000",2011,C,B
Afghanistan,Kabul,"4635000",2015,"4635000",100,"46400",259,"17900",2015,D,B
Mexico,Guadalajara,"4603000",2015,"4250000",290,"15900",751,"6100",2010,C,B
Turkey,Ankara,"4538000",2015,"4150000",255,"17800",660,"6900",2011,C,B
Brazil,Belo Horizonte,"4517000",2015,"4300000",420,"10800","1088","4200",2010,C,B
United States,"Boston, MA-NH-RI","4478000",2015,"4407000","2056","2100","5325",8002010,N,N
China,"Xiamen, FJ","4420000",2015,"3200000",225,"19600",583,"7600",2010,C,B
Kuwait,Kuwait,"4283000",2015,"3775000",275,"15600",712,"6000",2012,C,B
Tanzania,Dar es Salaam,"4219000",2015,"3200000",220,"19200",570,"7400",2010,C,B
United States,"Phoenix, AZ","4194000",2015,"3826000","1234","3100","3196","1300",2010,N,N
China,"Dalian, LN","4183000",2015,"3650000",300,"13900",777,"5400",2010,C,B
Ghana,Accra,"4145000",2015,"3750000",375,"11100",971,"4300",2010,C,B
Mexico,Monterrey,"4083000",2015,"3750000",345,"11800",894,"4600",2010,C,B
Germany,Berlin,"4069000",2015,"4000000",520,"7800","1347","3000",2011,C,B
Australia,"Sydney, NSW","4036000",2015,"3908000",786,"5000","2037","2000",2011,A,A
China,"Fuzhou, FJ","3962000",2015,"3425000",170,"23300",440,"9000",2010,C,B
Indonesia,Medan,"3942000",2015,"3700000",185,"21300",479,"8200",2010,C,B
United Arab Emirates,Dubai,"3933000",2015,"3100000",520,"7600","1347","2900",2010,C,B
Australia,"Melbourne, VIC","3906000",2015,"3708000",982,"3800","2543","1500",2011,A,A
Italy,Rome,"3906000",2015,"3800000",430,"9100","1114","3500",2010,C,B
South Korea,Busan,"3906000",2015,"4000000",155,"25200",401,"9700",2010,C,B
South Africa,Cape Town,"3812000",2015,"3600000",315,"12100",816,"4700",2011,C,B
China,"Jinan, SD","3789000",2015,"3325000",280,"13500",725,"5200",2010,C,B
China,"Ningbo, ZJ","3753000",2015,"3125000",285,"13200",738,"5100",2010,C,B
Viet Nam,Hanoi,"3715000",2015,"3250000",180,"20600",466,"8000",2012,C,B
Italy,Naples,"3706000",2015,"3725000",395,"9400","1023","3600",2010,C,B
China,"Taiyuan, SAX","3702000",2015,"3350000",200,"18500",518,"7100",2010,C,B
Saudi Arabia,Jiddah,"3677000",2015,"3230000",325,"11300",842,"4400",2010,C,B
United States,"Detroit, MI","3672000",2015,"3734000","1337","2800","3463","1100",2010,A,A
China,"Hefei, AH","3665000",2015,"3350000",280,"13100",725,"5100",2010,C,B
China,"Changsha, HUN","3657000",2015,"3125000",240,"15200",622,"5900",2010,C,B
China,"Kunming, YN","3649000",2015,"3275000",275,"13300",712,"5100",2010,C,B
China,"Wuxi, JS","3597000",2015,"3250000",285,"12600",738,"4900",2010,C,B
Colombia,Medellín,"3568000",2015,"2975000",88,"40500",228,"15700",2005,C,B
Pakistan,Faisalabad,"3560000",2015,"3560000",70,"50900",181,"19600",2015,D,B
Syria,Aleppo,"3560000",2015,"3560000",100,"35600",259,"13700",2015,D,B
Nigeria,Kano,"3550000",2015,"3550000",97,"36600",251,"14100",2015,D,B
Canada,"Montréal, QC","3536000",2015,"3408000",597,"5700","1546","2300",2011,A,A
Senegal,Dakar,"3520000",2015,"3520000",75,"46900",194,"18100",2015,D,B
Greece,Athens,"3484000",2015,"3500000",225,"15500",583,"6000",2011,C,B
China,"Changzhou, JS","3425000",2015,"3000000",320,"10700",829,"4100",2010,C,B
South Africa,Durban,"3421000",2015,"3300000",410,"8300","1062","3200",2011,C,B
Brazil,Porto Alegre,"3413000",2015,"3300000",310,"11000",803,"4300",2010,C,B
India,"Jaipur, RJ","3409000",2015,"3073000",160,"21300",414,"8200",2011,A,B
Brazil,Fortaleza,"3401000",2015,"3125000",200,"17000",518,"6600",2010,C,B
Ethiopia,Addis Ababa,"3376000",2015,"3125000",170,"19900",440,"7700",2012,C,B
China,"Changchun, JL","3368000",2015,"3050000",205,"16400",531,"6300",2010,C,B
China,"Shijiazhuang, HEB","3367000",2015,"2875000",200,"16800",518,"6500",2010,C,B
Brazil,Recife,"3347000",2015,"3200000",160,"20900",414,"8100",2010,C,B
Iran,Mashhad,"3294000",2015,"3000000",115,"28600",298,"11100",2011,C,B
United States,"Seattle, WA","3218000",2015,"3059000","1010","3000","2616","1200",2010,A,A
Morocco,Casablanca,"3211000",2015,"2900000",105,"30600",272,"11800",2004,C,B
Brazil,Salvador,"3190000",2015,"3000000",135,"23600",350,"9100",2010,C,B
China,"Urumqi, XJ","3184000",2015,"2625000",190,"16800",492,"6500",2010,C,B
India,"Lucknow, UP","3184000",2015,"2901000",125,"25500",324,"9800",2011,A,B
Bangladesh,Chittagong,"3176000",2015,"2900000",43,"73900",111,"28500",2011,C,B
China,"Wenzhou, ZJ","3169000",2015,"2675000",125,"25400",324,"9800",2010,C,B
Nigeria,Ibadan,"3160000",2015,"3160000",180,"17600",466,"6800",2015,D,B
Turkey,Izmir,"3112000",2015,"2900000",115,"27100",298,"10400",2011,C,B
Brazil,Curitiba,"3102000",2015,"2825000",325,"9500",842,"3700",2010,C,B
United States,"San Diego, CA","3086000",2015,"2957000",732,"4000","1896","1600",2010,A,A
Cameroon,Yaounde,"3060000",2015,"3060000",89,"34400",231,"13300",2015,D,B
China,"Zhangjiaggang-Jiangyin, (Suzhou-Wuxi) JS","3056000",2010,"2330000",260,"11800",673,"4500",2010,C,B
India,"Kanpur, UP","3037000",2015,"2920000",80,"38000",207,"14700",2011,A,B
China,"Zhongshan, GD","3031000",2015,"2300000",265,"11400",686,"4400",2010,C,B
Yemen,Sana,"2980000",2015,"2980000",86,"34700",223,"13400",2015,D,B
Israel,Tel Aviv,"2979000",2015,"2750000",185,"16100",479,"6200",2010,C,B
China,"Guiyang, GZ","2955000",2015,"2600000",125,"23600",324,"9100",2010,C,B
Cameroon,Douala,"2940000",2015,"2940000",79,"37200",205,"14400",2015,D,B
China: Taiwan,Taichung,"2935000",2015,"2500000",190,"15400",492,"6000",2004,C,B
South Africa,Pretoria,"2927000",2015,"2550000",475,"6200","1230","2400",2011,C,B
Dominican Republic,Santo Domingo,"2925000",2015,"2925000",115,"25400",298,"9800",2015,D,B
Pakistan,Hyderabad,"2920000",2015,"2650000",28,"104300",73,"40300",2011,C,B
Venezuela,Caracas,"2861000",2015,"2825000",114,"25100",295,"9700",2011,C,B
North Korea,Pyongyang,"2850000",2015,"2850000",68,"41900",176,"16200",2015,D,B
India,"Kalyan, MH","2841000",2011,"2650000",36,"78900",93,"30500",2011,C,B
Paraguay,Asuncion,"2827000",2015,"2500000",250,"11300",648,"4400",2010,C,B
United States,"Minneapolis-St. Paul, MN-WI","2771000",2015,"2651000","1022","2600","2647","1000",2010,A,A
China,"Lanzhou, GS","2703000",2015,"2420000",100,"27000",259,"10400",2010,C,B
Burkina Faso,Ouagadougou,"2700000",2015,"2700000",180,"15000",466,"5800",2015,D,B
Ecuador,Guayaquil,"2700000",2015,"2700000",85,"31800",220,"12300",2015,D,B
India,"Nagpur, MH","2668000",2015,"2498000",95,"28100",246,"10800",2011,A,B
Portugal,Lisbon,"2666000",2015,"2600000",370,"7200",958,"2800",2011,C,B
Azerbaijan,Baku,"2661000",2015,"2300000",425,"6300","1101","2400",2009,C,B
Netherlands,Rotterdam-Hague,"2660000",2015,"2650000",380,"7000",984,"2700",2013,C,B
Brazil,Campinas,"2645000",2015,"2450000",360,"7300",932,"2800",2010,C,B
United Kingdom,Manchester,"2639000",2015,"2553000",243,"10500",630,"4200",2011,A,A
China,"Nanchang, JX","2637000",2015,"2325000",210,"12600",544,"4800",2010,C,B
United States,"Tampa-St. Petersburg, FL","2621000",2015,"2442000",957,"2600","2479","1100",2010,A,A
Mozambique,Maputo,"2615000",2015,"2425000",160,"16300",414,"6300",2010,C,B
China: Taiwan,Kaohsiung,"2599000",2015,"2500000",140,"18600",363,"7200",2004,C,B
Algeria,Algiers,"2590000",2015,"2590000",175,"14800",453,"5700",2015,D,B
China,"Nanning, GX","2590000",2015,"2150000",118,"21900",306,"8500",2010,C,B
Japan,Sapporo,"2570000",2015,"2570000",240,"10700",622,"4100",2015,D,B
Syria,Damascus,"2560000",2015,"2560000",70,"36600",181,"14100",2015,D,B
United States,"Denver, CO","2559000",2015,"2374000",668,"3600","1730","1500",2010,A,A
Brazil,Brasilia,"2536000",2015,"2300000",260,"9800",673,"3800",2010,C,B
Philippines,Cebu,"2535000",2015,"2325000",80,"31700",207,"12200",2010,C,B
Japan,Fukuoka,"2525000",2015,"2550000",205,"12300",531,"4800",2010,C,B
United Kingdom,Birmingham,"2512000",2015,"2441000",231,"10600",599,"4200",2011,A,A
Pakistan,Rawalpindi-Islamabad,"2510000",2015,"2510000",165,"15200",427,"5900",2015,D,B
Ghana,Kumasi,"2500000",2015,"2500000",130,"19200",337,"7400",2015,C,B
Mali,Bamako,"2500000",2015,"2500000",120,"20800",311,"8000",2015,D,B
India,"Coimbatore, TN","2481000",2015,"2151000",110,"22600",285,"8700",2011,A,B
Jordan,Amman,"2468000",2015,"2300000",133,"18600",344,"7200",2000,C,B
China,"Linyi, SD","2465000",2015,"2200000",350,"7000",907,"2700",2010,C,B
Haiti,Port-au-Prince,"2440000",2015,"2440000",66,"37000",171,"14300",2015,D,B
Nigeria,Abuja,"2440000",2015,"2440000",87,"28000",225,"10800",2015,D,B
China,"Shantou, GD","2419000",2015,"2225000",140,"17300",363,"6700",2010,C,B
India,"Indore, MP","2405000",2015,"2167000",105,"22900",272,"8800",2011,A,B
Madagascar,Antananarivo,"2398000",2015,"1875000",85,"28200",220,"10900",2010,C,B
India,"Kozhikode, KL","2394000",2015,"2030000",46,"52000",119,"20100",2011,A,B
Iran,Esfahan,"2392000",2015,"2225000",135,"17700",350,"6800",2011,C,B
China,"Chaoyang-Chaonan (Shantou,) GD","2391000",2010,"2200000",105,"22800",272,"8800",2010,C,B
South Korea,Daegu,"2382000",2015,"2400000",95,"25100",246,"9700",2010,C,B
China,"Tangshan, HEB","2378000",2015,"1960000",107,"22200",277,"8600",2010,C,B
India,"Kochi, KL","2374000",2015,"2118000",170,"14000",440,"5400",2011,A,B
Colombia,Cali,"2357000",2015,"2000000",73,"32300",189,"12500",2005,C,B
China,"Shaoxing, ZJ","2350000",2015,"1970000",185,"12700",479,"4900",2010,C,B
Nigeria,Port Harcourt,"2340000",2015,"2340000",61,"38400",158,"14800",2015,D,B
China,"Huai'an, JS","2282000",2015,"1770000",57,"40000",148,"15500",2010,C,B
Canada,"Vancouver, BC","2273000",2015,"2135000",444,"4800","1150","2000",2011,A,A
United States,"Baltimore, MD","2263000",2015,"2204000",717,"3100","1857","1200",2010,A,A
Uzbekistan,Tashkent,"2250000",2015,"2250000",205,"11000",531,"4200",2015,D,B
Ukraine,Kiyev,"2241000",2015,"2940000",210,"10700",544,"4100",2050,D,B
India,"Thrissur, KL","2236000",2015,"1854000",140,"16000",363,"6200",2011,A,B
China,"Hohhot, NM","2219000",2015,"1875000",155,"14300",401,"5500",2010,C,B
Zimbabwe,Harare,"2203000",2015,"2150000",320,"6900",829,"2700",2012,C,B
India,"Patna, BR","2200000",2015,"2047000",55,"40000",142,"15400",2011,A,B
Lebanon,Beirut,"2200000",2015,"2200000",260,"8500",673,"3300",2015,D,B
United States,"Las Vegas, NV","2191000",2015,"1886000",417,"4500","1080","2000",2010,A,A
Poland,Katowice-Gliwice-Tychy,"2190000",2015,"2225000",260,"8400",673,"3300",2011,C,B
Zambia,Lusaka,"2190000",2015,"2190000",69,"31700",179,"12300",2015,D,B
United States,"St. Louis, MO-IL","2186000",2015,"2151000",924,"2300","2393",9002010,A,A
Sri Lanka,Colombo,"2180000",2015,"2000000",86,"25300",223,"9800",2001,C,B
China,"Baotou, NM","2159000",2015,"1950000",145,"14900",376,"5700",2010,C,B
US: Puerto Rico,San Juan,"2139000",2015,"2148000",867,"2500","2246","1000",2010,A,A
Cuba,Havana,"2130000",2015,"2130000",110,"19400",285,"7500",2015,D,B
Pakistan,Gujranwala,"2120000",2015,"2120000",57,"37200",148,"14400",2015,D,B
Somalia,Mogadishu,"2120000",2015,"2120000",35,"60600",91,"23400",2015,D,B
Brazil,Goiania,"2117000",2015,"1925000",270,"7800",699,"3000",2010,C,B
Bolivia,Santa Cruz,"2110000",2015,"1815000",230,"9200",596,"3500",2011,C,B
India,"Malappuram, KL","2108000",2015,"1698000",125,"16900",324,"6500",2011,A,B
Germany,Cologne-Bonn,"2104000",2015,"1960000",360,"5800",932,"2300",2001,C,B
Belgium,Brussels,"2089000",2015,"2025000",310,"6700",803,"2600",2011,C,B
Mexico,Puebla,"2088000",2015,"1925000",170,"12300",440,"4700",2010,C,B
Germany,Hamburg,"2087000",2015,"2050000",300,"7000",777,"2700",2011,C,B
India,"Bhopal, MP","2075000",2015,"1883000",70,"29600",181,"11400",2011,A,B
India,"Kannur, KL","2047000",2015,"1643000",35,"58500",91,"22600",2011,A,B
United States,"Orlando, FL","2040000",2015,"1825000",756,"2400","1958","1000",2010,N,N
Venezuela,Maracaibo,"2037000",2015,"1920000",157,"13000",407,"5000",2011,C,B
China,"Handan, HEB","2000000",2015,"1630000",65,"30800",168,"11900",2010,C,B
Congo (Dem. Rep.),Lubumbashi,"2000000",2015,"2000000",60,"33300",155,"12900",2015,D,B
Congo (Dem. Rep.),Mbuji-Mayi,"2000000",2015,"2000000",47,"42600",122,"16400",2015,D,B
Australia,"Brisbane, QLD","1999000",2015,"1874000",761,"2500","1972","1000",2011,A,A
Tunisia,Tunis,"1990000",2015,"1990000",140,"14200",363,"5500",2015,D,B
China,"Haikou, HA","1981000",2015,"1600000",120,"16500",311,"6400",2010,C,B
Germany,Munich,"1981000",2015,"1900000",180,"11000",466,"4200",2011,C,B
Japan,Kitakyushu,"1980000",2010,"2000000",190,"10400",492,"4000",2010,C,B
Brazil,Belem,"1979000",2015,"1850000",100,"19800",259,"7600",2010,C,B
United States,"Portland, OR-WA","1976000",2015,"1850000",524,"3500","1357","1500",2010,A,A
United States,"San Antonio, TX","1976000",2015,"1758000",597,"2900","1546","1300",2010,A,A
Mexico,Tijuana,"1968000",2015,"1760000",180,"10900",466,"4200",2010,D,B
India,"Vadodara, GJ","1963000",2015,"1817000",53,"37000",137,"14300",2011,A,B
Togo,Lome,"1941000",2015,"1670000",80,"24300",207,"9400",2010,F,B
China,"Luoyang, HEN","1939000",2015,"1670000",85,"22800",220,"8800",2010,C,B
India,"Agra, UP","1938000",2015,"1746000",50,"38800",130,"15000",2011,A,B
Guinea,Conakry,"1930000",2015,"1930000",62,"31100",161,"12000",2015,D,B
Uganda,Kampala,"1930000",2015,"1930000",190,"10200",492,"3900",2015,D,B
India,"Thiruvananthapuram, KL","1921000",2015,"1687000",55,"34900",142,"13500",2011,A,B
Germany,Frankfurt,"1915000",2015,"1850000",250,"7700",648,"3000",2011,C,B
Belarus,Minsk,"1910000",2015,"1910000",125,"15300",324,"5900",2015,D,B
India,"Visakhapatnam, AP","1910000",2015,"1730000",70,"27300",181,"10500",2011,A,B
Bolivia,La Paz,"1907000",2015,"1800000",105,"18200",272,"7000",2011,C,B
Pakistan,Multan,"1900000",2015,"1900000",80,"23800",207,"9200",2015,D,B
Brazil,Manaus,"1893000",2015,"1700000",125,"15100",324,"5800",2010,C,B
United Kingdom,Leeds-Bradford,"1893000",2015,"1778000",188,"9400",488,"3900",2011,A,A
United States,"Sacramento, CA","1885000",2015,"1724000",471,"3700","1220","1500",2010,A,A
Mexico,Toluca,"1878000",2015,"1700000",105,"17900",272,"6900",2010,D,B
Iran,Shiraz,"1873000",2015,"1650000",95,"19700",246,"7600",2011,C,B
Romania,Bucharest,"1860000",2015,"1860000",110,"16900",285,"6500",2015,D,B
Congo,Brazzaville,"1850000",2015,"1850000",70,"26400",181,"10200",2015,D,B
Morocco,Rabat,"1845000",2015,"1500000",71,"26000",184,"10000",2004,C,B
Turkey,Bursa,"1839000",2015,"1650000",80,"23000",207,"8900",2011,C,B
Indonesia,Yogyakarta,"1831000",2015,"1800000",90,"20300",233,"7900",2010,C,B
Turkey,Adana,"1830000",2015,"1830000",62,"29500",161,"11400",2015,D,B
China,"Kunshan (Suzhou), JS","1815000",2015,"1475000",215,"8400",557,"3300",2010,C,B
United States,"Cleveland, OH","1783000",2015,"1781000",772,"2300","1999",9002010,A,A
Austria,Vienna,"1763000",2015,"1710000",175,"10100",453,"3900",2010,C,B
China,"Huizhou, GD","1763000",2015,"1400000",80,"22000",207,"8500",2010,C,B
Australia,"Perth, WA","1751000",2015,"1628000",605,"2700","1566","1100",2011,A,A
India,"Nashik, MH","1749000",2015,"1563000",43,"40700",111,"15700",2011,A,B
Colombia,Barranquilla,"1748000",2015,"1550000",69,"25300",179,"9800",2005,C,B
Pakistan,Peshawar,"1730000",2015,"1730000",45,"38400",117,"14800",2015,D,B
United States,"Pittsburgh, PA","1730000",2015,"1734000",905,"1900","2344",7002010,A,A
Cambodia,Phnom Penh,"1729000",2015,"1510000",85,"20300",220,"7900",2010,D,B
Ecuador,Quito,"1720000",2015,"1720000",185,"9300",479,"3600",2015,D,B
Poland,Warsaw,"1720000",2015,"1720000",210,"8200",544,"3200",2015,D,B
India,"Vijayawada, AP","1715000",2015,"1491000",22,"78000",57,"30100",2011,A,B
India,"Ludhiana, PB","1714000",2015,"1613000",65,"26400",168,"10200",2011,A,B
Hungary,Budapest,"1710000",2015,"1710000",345,"5000",894,"1900",2015,D,B
China,"Datong, SAX","1709000",2015,"1520000",70,"24400",181,"9400",2010,C,B
China,"Yiwu (Jinhua), ZJ","1704000",2015,"1400000",90,"18900",233,"7300",2010,C,B
Uruguay,Montevideo,"1700000",2015,"1700000",100,"17000",259,"6600",2015,D,B
Iran,Tabriz,"1693000",2015,"1600000",65,"26000",168,"10100",2011,C,B
Malaysia,Johor Bahru,"1688000",2015,"1500000",275,"6100",712,"2400",2010,C,B
United States,"Cincinnati, OH-KY-IN","1682000",2015,"1625000",788,"2100","2041",8002010,A,A
Iraq,Mosul,"1675000",2015,"1675000",54,"31000",140,"12000",2015,D,B
Brazil,Santos,"1653000",2015,"1575000",115,"14400",298,"5500",2010,C,B
Saudi Arabia,Mecca,"1647000",2015,"1480000",150,"11000",389,"4200",2010,C,B
China,"Zibo, SD","1646000",2015,"1525000",135,"12200",350,"4700",2010,C,B
Syria,Hims,"1640000",2015,"1640000",32,"51300",83,"19800",2015,D,B
China,"Jilin, JL","1633000",2015,"1550000",75,"21800",194,"8400",2010,C,B
Indonesia,Semarang,"1630000",2015,"1630000",105,"15500",272,"6000",2015,D,B
Philippines,Davao City,"1630000",2015,"1630000",50,"32600",130,"12600",2015,D,B
Netherlands,Amsterdam,"1624000",2015,"1600000",195,"8300",505,"3200",2013,C,B
United States,"Indianapolis, IN","1617000",2015,"1487000",706,"2100","1829",9002010,A,A
United States,"Austin, TX","1616000",2015,"1362000",523,"2600","1355","1200",2010,A,A
China,"Yinchuan, NX","1614000",2015,"1200000",132,"12200",342,"4700",2010,C,B
South Korea,Gwangju,"1601000",2015,"1536000",49,"32700",127,"12600",2010,D,B
China,"Weifang, SD","1595000",2015,"1350000",95,"16800",246,"6500",2010,C,B
United States,"Kansas City, MO-KS","1593000",2015,"1519000",678,"2200","1756",9002010,A,A
Argentina,Cordoba,"1585000",2015,"1532000",140,"11300",363,"4400",2010,C,B
China,"Taizhou, ZJ","1585000",2015,"1375000",90,"17600",233,"6800",2010,C,B
France,Lyon,"1583000",2015,"1520000",455,"3500","1178","1300",2010,C,B
India,"Madurai, TN","1582000",2015,"1462000",29,"54600",75,"21100",2011,A,B
Philippines,General Santos,"1579000",2015,"1400000",29,"54400",75,"21000",2010,C,B
China,"Liuzhou, GX","1574000",2015,"1375000",80,"19700",207,"7600",2010,C,B
India,"Rajkot, GJ","1568000",2015,"1390000",29,"54100",75,"20900",2011,A,B
Qatar,Doha,"1564000",2015,"1300000",225,"7000",583,"2700",2010,C,B
South Korea,Daejon,"1564000",2015,"1500000",51,"30700",132,"11800",2010,C,B
China,"Yangzhou, JS","1561000",2015,"1400000",90,"17300",233,"6700",2010,C,B
Spain,Valencia,"1561000",2015,"1525000",105,"14900",272,"5700",2011,C,B
China,"Zhuhai, GD","1547000",2015,"1375000",105,"14700",272,"5700",2010,C,B
India,"Meerut, UP","1541000",2015,"1425000",40,"38500",104,"14900",2011,A,B
India,"Varanasi, UP","1536000",2015,"1435000",39,"39400",101,"15200",2011,A,B
United States,"Charlotte, NC-SC","1535000",2015,"1249000",741,"1700","1919",8002010,A,A
Italy,Turin,"1521000",2015,"1500000",145,"10500",376,"4100",2010,C,B
China,"Yantai, SD","1520000",2015,"1300000",101,"15000",262,"5800",2010,C,B
China,"Anshan, LN","1516000",2015,"1450000",140,"10800",363,"4200",2010,C,B
Kazakhstan,Almaty,"1500000",2015,"1500000",162,"9300",420,"3600",2015,D,B
Panama,Panama City,"1498000",2015,"1350000",85,"17600",220,"6800",2010,C,B
China,"Cixi (Ningbo), ZJ","1490000",2015,"1225000",160,"9300",414,"3600",2010,C,B
Nigeria,Benin City,"1490000",2015,"1490000",88,"16900",228,"6500",2015,D,B
Russia,Novosibirsk,"1486000",2015,"1470000",240,"6200",622,"2400",2010,C,B
Indonesia,Makassar,"1484000",2015,"1325000",69,"21500",179,"8300",2010,C,B
Sweden,Stockholm,"1484000",2015,"1373000",147,"9300",382,"3900",2010,A,A
United States,"Columbus, OH","1481000",2015,"1368000",510,"2700","1321","1100",2010,A,A
Venezuela,Valencia,"1477000",2015,"1400000",140,"10600",363,"4100",2011,C,B
Portugal,Porto,"1474000",2015,"1450000",300,"4900",777,"1900",2011,C,B
Mexico,Leon,"1469000",2015,"1325000",90,"16300",233,"6300",2010,C,B
China,"Putian, FJ","1468000",2015,"1150000",175,"8400",453,"3200",2010,C,B
United States,"Virginia Beach-Norfolk, VA","1463000",2015,"1440000",515,"2800","1334","1100",2010,A,A
China,"Wuhu, AH","1456000",2015,"1150000",62,"23500",161,"9100",2010,C,B
India,"Jamshedpur, JH","1443000",2015,"1337000",42,"34400",109,"13300",2011,A,B
Ukraine,Kharkov,"1440000",2015,"1440000",180,"8000",466,"3100",2015,D,B
Indonesia,Palembang,"1434000",2015,"1400000",85,"16900",220,"6500",2010,C,B
China,"Zhangzhou, FJ","1410000",2015,"1200000",135,"10400",350,"4000",2010,C,B
India,"Srinagar, JK","1409000",2015,"1273000",49,"28800",127,"11100",2011,A,B
United States,"Milwaukee, WI","1408000",2015,"1376000",546,"2500","1414","1000",2010,A,A
China,"Anyang, HEN","1401000",2015,"1130000",70,"20000",181,"7700",2010,C,B
China,"Jiangmen, GD","1399000",2015,"1300000",135,"10400",350,"4000",2010,C,B
France,Marseille,"1397000",2015,"1350000",175,"8000",453,"3100",2010,C,B
Turkey,Gaziantep,"1394000",2015,"1250000",44,"31700",114,"12200",2011,C,B
Mexico,Ciudad Juarez,"1391000",2015,"1330000",125,"11100",324,"4300",2010,D,B
Germany,Stuttgart,"1379000",2015,"1350000",185,"7500",479,"2900",2011,C,B
Japan,Hiroshima,"1377000",2015,"1325000",110,"12500",285,"4800",2005,C,B
Russia,Yekaterinburg,"1361000",2015,"1340000",200,"6800",518,"2600",2010,C,B
New Zealand,Auckland,"1356000",2015,"1250000",210,"6500",544,"2500",2008,C,B
India,"Kollam, KL","1351000",2015,"1110000",70,"19300",181,"7500",2011,A,B
China,"Xining, QH","1345000",2015,"1175000",73,"18400",189,"7100",2010,C,B
China,"Changshu (Suzhou), JS","1344000",2015,"1075000",124,"10800",321,"4200",2010,C,B
Bahrain,Al-Manamah,"1340000",2015,"1100000",150,"8900",389,"3400",2011,C,B
India,"Jabalpur, MP","1339000",2015,"1268000",35,"38300",91,"14800",2011,A,B
Argentina,Rosario,"1338000",2015,"1264000",90,"14900",233,"5700",2010,C,B
Malaysia,Penang,"1336000",2010,"1150000",115,"11600",298,"4500",2010,C,B
India,"Raipur, CH","1329000",2015,"1123000",43,"30900",111,"11900",2011,A,B
Mexico,Torreon,"1327000",2015,"1220000",65,"20400",168,"7900",2010,D,B
China,"Fushun, LN","1324000",2015,"1325000",50,"26500",130,"10200",2010,C,B
India,"Aurangabad, MH","1324000",2015,"1189000",28,"47300",73,"18300",2011,A,B
Indonesia,Surakarta,"1318000",2015,"1275000",80,"16500",207,"6400",2010,C,B
India,"Asansol, WB","1315000",2015,"1243000",25,"52600",65,"20300",2011,A,B
Iran,Ahvaz,"1315000",2015,"1200000",90,"14600",233,"5600",2011,C,B
Czech Republic,Prague,"1310000",2015,"1310000",110,"11900",285,"4600",2015,D,B
China,"Xuzhou, JS","1301000",2015,"1175000",90,"14500",233,"5600",2010,C,B
China,"Baoding, HEB","1297000",2015,"1210000",85,"15300",220,"5900",2010,C,B
India,"Allahabad, UP","1294000",2015,"1217000",48,"27000",124,"10400",2011,A,B
Guatemala,Guatemala City,"1289000",2015,"1130000",115,"11200",298,"4300",2010,C,B
Japan,Sendai,"1277000",2015,"1330000",125,"10200",324,"3900",2010,C,B
Armenia,Yerevan,"1274000",2015,"1300000",125,"10200",324,"3900",2010,F,B
India,"Jodhpur, RJ","1266000",2015,"1138000",32,"39600",83,"15300",2011,A,B
India,"Amritsar, PB","1264000",2015,"1185000",38,"33300",98,"12800",2011,A,B
Angola,Huambo,"1260000",2015,"1260000",50,"25200",130,"9700",2015,D,B
Chad,N'Djamena,"1260000",2015,"1260000",64,"19700",166,"7600",2015,D,B
India,"Dhanbad, JH","1258000",2015,"1195000",37,"34000",96,"13100",2011,A,B
China,"Wenling (Taizhou), ZJ","1250000",2015,"1075000",45,"27800",117,"10700",2010,C,B
Mexico,Queretaro,"1249000",2015,"1100000",58,"21500",150,"8300",2010,C,B
Denmark,Copenhagen,"1248000",2015,"1180000",175,"6700",453,"2800",2010,A,A
India,"Ranchi, JH","1246000",2015,"1127000",22,"56600",57,"21900",2011,A,B
China,"Qiqihaer, HL","1241000",2015,"1160000",50,"24800",130,"9600",2010,C,B
Bolivia,Cochabamba,"1238000",2015,"1100000",98,"12600",254,"4900",2011,C,B
Mongolia,Ulaanbaatar,"1237000",2015,"1050000",90,"13700",233,"5300",2010,C,B
India,"Durg-Bhilainagar, CH","1235000",2015,"1164000",44,"28100",114,"10800",2011,A,B
Saudi Arabia,Medina,"1233000",2015,"1100000",135,"9100",350,"3500",2010,C,B
China,"Chifeng, NM","1230000",2015,"1090000",33,"37300",85,"14400",2010,C,B
Syria,Hamah,"1230000",2015,"1230000",20,"61500",52,"23700",2015,D,B
United Kingdom,Glasgow,"1220000",2015,"1220000",142,"8600",368,"3300",2015,D,A
China: Taiwan,Tainan,"1216000",2015,"1100000",80,"15200",207,"5900",2004,C,B
South Africa,Port Elizabeth,"1212000",2015,"1150000",150,"8100",389,"3100",2010,C,B
China,"Weihai,  SD","1208000",2015,"700000",42,"28800",109,"11100",2000,C,B
Finland,Helsinki,"1208000",2015,"1176000",247,"4800",641,"1900",2012,A,A
India,"Gwalior, MP","1208000",2015,"1102000",22,"54900",57,"21200",2011,A,B
China,"Dongying, SD","1206000",2015,"1060000",85,"14200",220,"5500",2010,C,B
Russia,Nizhniy Novgorod,"1201000",2015,"1250000",240,"5000",622,"1900",2010,C,B
United States,"Providence, RI-MA","1201000",2015,"1191000",545,"2200","1412",9002010,A,A
Bulgaria,Sofia,"1195000",2015,"1175000",80,"14900",207,"5800",2010,D,B
Morocco,Fez,"1193000",2015,"950000",32,"37300",83,"14400",2004,C,B
China,"Jiaxing, ZJ","1192000",2015,"950000",70,"17000",181,"6600",2010,C,B
Turkey,Konya,"1190000",2015,"1190000",50,"23800",130,"9200",2015,D,B
Canada,"Calgary, AB","1189000",2015,"1095000",272,"4000",704,"1700",2011,A,A
Japan,Hamamatsu,"1187000",2010,"1000000",100,"11900",259,"4600",2010,C,B
China,"Nantong, JS","1184000",2015,"975000",102,"11600",264,"4500",2010,C,B
China,"Xiangyang, HUB","1183000",2015,"1100000",52,"22800",135,"8800",2010,C,B
Nepal,Kathmandu,"1180000",2015,"1180000",23,"51300",60,"19800",2015,D,B
Serbia,Belgrade,"1180000",2015,"1180000",90,"13100",233,"5100",2015,D,B
India,"Vasai-Virar, MH","1179000",2011,"1100000",35,"33700",91,"13000",2011,A,B
India,"Tiruppur, TN","1177000",2015,"963000",40,"29400",104,"11400",2011,A,B
Indonesia,Denpasar,"1175000",2015,"875000",69,"17000",179,"6600",2010,C,B
Morocco,Marrakech,"1173000",2015,"850000",31,"37800",80,"14600",2004,C,B
Brazil,Vittoria,"1172000",2015,"1100000",130,"9000",337,"3500",2010,C,B
Brazil,Sao Luis,"1171000",2015,"1075000",165,"7100",427,"2700",2010,C,B
Costa Rica,San Jose,"1170000",2015,"1170000",130,"9000",337,"3500",2015,D,B
Russia,Samara,"1162000",2015,"1165000",145,"8000",376,"3100",2010,D,B
Ireland,Dublin,"1160000",2015,"1160000",175,"6600",453,"2600",2015,D,B
Myanmar,Mandalay,"1160000",2015,"1160000",33,"35200",85,"13600",2015,D,B
Russia,Kazan,"1160000",2015,"1160000",190,"6100",492,"2400",2015,D,B
China,"Zhangjiakou, HEB","1156000",2015,"1080000",50,"23100",130,"8900",2010,C,B
Russia,Omsk,"1154000",2015,"1150000",190,"6100",492,"2300",2010,C,B
United States,"Jacksonville, FL","1154000",2015,"1065000",530,"2000","1373",8002010,A,A
Congo (Dem. Rep.),Kananga,"1150000",2015,"1150000",21,"54800",54,"21100",2015,D,B
Iraq,Irbil,"1150000",2015,"1150000",29,"39700",75,"15300",2015,D,B
Russia,Chelyabinsk,"1150000",2015,"1150000",225,"5100",583,"2000",2015,D,B
Indonesia,Cirebon,"1143000",2015,"1075000",41,"27900",106,"10800",2010,C,B
China,"Huainan, AH","1142000",2015,"1060000",42,"27200",109,"10500",2010,C,B
Indonesia,Batam,"1142000",2015,"800000",80,"14300",207,"5500",2010,C,B
Australia,"Adelaide, SA","1140000",2015,"1104000",329,"3400",852,"1300",2011,A,A
India,"Kota, RJ","1138000",2015,"1001000",24,"47400",62,"18300",2011,A,B
Mexico,San Luis Potosí,"1137000",2015,"1040000",51,"22300",132,"8600",2010,D,B
Venezuela,Maracay,"1135000",2015,"1060000",85,"13400",220,"5200",2011,C,B
China,"Ruian (Wenzhou), ZJ","1134000",2015,"965000",51,"22200",132,"8600",2010,C,B
China,"Lianyungang, JS","1128000",2015,"930000",60,"18800",155,"7300",2010,C,B
Georgia,Tbilisi,"1125000",2015,"1120000",75,"15000",194,"5800",2010,D,B
India,"Chandigarh, CH-HR-PB","1124000",2015,"1026000",100,"11200",259,"4300",2011,A,B
Rwanda,Kigali,"1121000",2015,"940000",44,"25500",114,"9800",2010,C,B
Honduras,Tegucigalpa,"1120000",2015,"1120000",38,"29500",98,"11400",2015,D,B
China,"Huaibei, AH","1116000",2015,"975000",35,"31900",91,"12300",2010,C,B
Kenya,Mombasa,"1116000",2015,"940000",33,"33800",85,"13100",2010,D,B
Indonesia,Malang,"1114000",2015,"1050000",95,"11700",246,"4500",2010,D,B
Mexico,Merida,"1111000",2015,"1020000",80,"13900",207,"5400",2010,D,B
Libya,Tripoli,"1110000",2015,"1110000",75,"14800",194,"5700",2015,D,B
Spain,Seville,"1107000",2015,"1100000",105,"10500",272,"4100",2011,C,B
United States,"Memphis, TN-MS-AR","1102000",2015,"1060000",497,"2100","1287",9002010,A,A
China,"Tengzhou (Zhaoahuang), SD","1101000",2015,"910000",44,"25000",114,"9700",2010,C,B
India,"Tiruchirappalli, TN","1101000",2015,"1022000",33,"33400",85,"12900",2011,A,B
Iran,Qom,"1101000",2015,"1000000",45,"24500",117,"9400",2011,C,B
El Salvador,San Salvador,"1100000",2015,"1100000",60,"18300",155,"7100",2015,D,B
Indonesia,Pekan Baru,"1100000",2015,"1100000",26,"42300",67,"16300",2015,D,B
Liberia,Monrovia,"1100000",2015,"1100000",75,"14700",194,"5700",2015,D,B
Nigeria,Onitsha,"1100000",2015,"1100000",57,"19300",148,"7500",2015,D,B
Pakistan,Quetta,"1100000",2015,"1100000",48,"22900",124,"8800",2015,D,B
India,"Bareilly, UP","1094000",2015,"980000",32,"34200",83,"13200",2011,A,B
Israel,Haifa,"1090000",2015,"1090000",88,"12400",228,"4800",2015,D,B
Niger,Niamey,"1090000",2015,"1090000",50,"21800",130,"8400",2015,C,B
Russia,Rostov,"1090000",2015,"1090000",160,"6800",414,"2600",2015,D,B
China,"Jiamusi, HL","1089000",2015,"1020000",31,"35100",80,"13600",2010,C,B
United States,"Raleigh, NC","1085000",2015,"885000",518,"1700","1342",8002010,A,A
United States,"Salt Lake City, UT","1085000",2015,"1021000",278,"3700",720,"1500",2010,A,A
United States,"Nashville, TN","1081000",2015,"970000",563,"1700","1458",7002010,A,A
India,"Mysore, KA","1078000",2015,"988000",35,"30800",91,"11900",2011,A,B
China,"Xinxiang, HEN","1074000",2015,"990000",40,"26900",104,"10400",2010,C,B
Turkey,Antalya,"1070000",2015,"1070000",70,"15300",181,"5900",2015,D,B
Brazil,Natal,"1064000",2015,"975000",95,"11200",246,"4300",2010,C,B
Brazil,Joao Pessoa,"1052000",2015,"975000",75,"14000",194,"5400",2010,C,B
China,"Fuzhou, JX","1052000",2015,"690000",26,"40500",67,"15600",2000,C,B
China,"Puning (Jieyang), GD","1043000",2015,"910000",69,"15100",179,"5800",2010,C,B
China,"Zhanjiang, GD","1042000",2015,"940000",32,"32600",83,"12600",2010,C,B
China,"Qinhuangdao, HEB","1041000",2015,"910000",60,"17400",155,"6700",2010,C,B
China,"Zhucheng (Weifang), SD","1041000",2015,"860000",56,"18600",145,"7200",2010,C,B
Canada,"Edmonton, AB","1040000",2015,"960000",330,"2900",855,"1200",2011,A,A
China,"Yichang, HUB","1039000",2015,"870000",25,"41600",65,"16000",2010,C,B
India,"Guwahati, AS","1039000",2015,"969000",27,"38500",70,"14900",2011,A,B
Myanmar,Nay Pyi Taw,"1030000",2015,"1030000",90,"11400",233,"4400",2015,D,H
Colombia,Bucaramanga,"1029000",2015,"850000",23,"44700",60,"17300",2005,C,B
Nigeria,Zaria,"1025000",2015,"960000",34,"30100",88,"11600",2010,F,B
United States,"Louisville, KY-IN","1025000",2015,"973000",477,"2000","1235",8002010,A,A
Russia,Ufa,"1024000",2015,"1020000",65,"15800",168,"6100",2010,C,B
China,"Huzhou, ZJ","1021000",2015,"690000",43,"23700",111,"9200",2000,C,B
India,"Aligarh, UP","1020000",2015,"910000",16,"63800",41,"24600",2011,A,B
Mexico,Aguascalientes,"1020000",2015,"930000",41,"24900",106,"9600",2010,D,B
Nigeria,Kaduna,"1020000",2015,"1020000",59,"17300",153,"6700",2015,D,B
Saudi Arabia,Ad-Dammam,"1019000",2015,"900000",375,"2700",971,"1000",2010,C,B
France,Lille,"1018000",2015,"1000000",108,"9400",280,"3600",2010,C,B
Mexico,Mexicali,"1018000",2015,"930000",78,"13100",202,"5000",2010,D,B
United States,"Richmond, VA","1018000",2015,"954000",492,"1900","1274",8002010,A,A
Ukraine,Odessa,"1010000",2015,"1010000",80,"12600",207,"4900",2015,D,B
Belgium,Antwerp,"1008000",2015,"990000",245,"4100",635,"1600",2011,C,B
China,"Xiangtan, HUN","1007000",2015,"900000",50,"20100",130,"7800",2010,C,B
China,"Zhuzhou, HUN","1007000",2015,"925000",60,"16800",155,"6500",2010,C,B
Japan,Naha,"1007000",2015,"970000",110,"9200",285,"3500",2005,C,B
India,"Moradabad, UP","1004000",2015,"890000",20,"50200",52,"19400",2011,A,B
Bangladesh,Khulna,"1000000",2015,"1000000",27,"37000",70,"14300",2015,D,B
Congo (Dem. Rep.),Kisangani,"1000000",2015,"1000000",22,"45500",57,"17600",2015,D,B
Iraq,Basra,"1000000",2015,"1000000",61,"16400",158,"6300",2015,D,B
Iraq,Sulaimaniya,"1000000",2015,"1000000",24,"41700",62,"16100",2015,D,B
Sierra Leone,Freetown,"1000000",2015,"1000000",35,"28600",91,"11000",2015,D,B
Russia,Volgograd,"999000",2015,"1000000",260,"3800",673,"1500",2010,C,B
Russia,Krasnoyarsk,"998000",2015,"970000",170,"5900",440,"2300",2010,C,B
Argentina,Mendoza,"997000",2015,"942000",95,"10500",246,"4100",2010,C,B
China,"Pingdingshan, HEN","997000",2015,"870000",34,"29300",88,"11300",2010,C,B
France,Nice,"978000",2015,"947000",287,"3400",743,"1300",2010,C,B
India,"Salem, TN","996000",2015,"919000",19,"52400",49,"20200",2011,A,B
Canada,"Ottawa, ON-QC","994000",2015,"934000",194,"4800",502,"2000",2011,A,A
Colombia,Cartagena,"992000",2015,"800000",36,"27600",93,"10600",2005,C,B
India,"Solapur, MH","991000",2015,"951000",21,"47200",54,"18200",2011,A,B
Mexico,Cuernavaca,"990000",2015,"990000",66,"15000",171,"5800",2015,D,B
South Korea,Changwon,"990000",2015,"1000000",40,"24800",104,"9600",2010,C,B
China,"Hengyang, HUN","987000",2015,"850000",23,"42900",60,"16600",2010,C,B
India,"Bhubaneswar, OR","984000",2015,"882000",28,"35100",73,"13600",2011,A,B
China,"Daqing, HL","983000",2015,"870000",45,"21800",117,"8400",2010,C,B
Viet Nam,Hai Phong,"983000",2015,"700000",25,"39300",65,"15200",2005,C,B
United Arab Emirates,Abu Dhabi,"982000",2015,"800000",340,"2900",881,"1100",2010,L,B
Nicaragua,Managua,"980000",2015,"940000",60,"16300",155,"6300",2010,C,B
Brazil,Maceio,"977000",2015,"900000",45,"21700",117,"8400",2010,C,B
Laos,Vientiane,"975000",2015,"975000",50,"19500",130,"7500",2015,D,B
Norway,Oslo,"975000",2015,"926000",112,"8300",290,"3400",2012,A,A
Russia,Perm,"974000",2015,"990000",130,"7500",337,"2900",2010,D,B
China,"Zhenjiang, JS","969000",2015,"875000",94,"10300",243,"4000",2010,C,B
China,"Bengbu, AH","961000",2015,"900000",65,"14800",168,"5700",2010,C,B
United States,"Hartford, CT","960000",2015,"925000",516,"1800","1336",7002010,A,A
Brazil,Teresina,"950000",2015,"950000",85,"11200",220,"4300",2015,D,B
Congo,Pointe Noire,"950000",2015,"950000",39,"24400",101,"9400",2015,D,B
Mauritania,Nouakchott,"950000",2015,"950000",33,"28800",85,"11100",2015,C,B
Ukraine,Dnipropetrovsk,"950000",2015,"950000",125,"7600",324,"2900",2015,D,B
Viet Nam,Da Nang,"950000",2015,"950000",25,"38000",65,"14700",2015,D,B
China,"Guilin, GX","949000",2015,"875000",41,"23100",106,"8900",2010,C,B
India,"Jalandhar, PB","948000",2015,"874000",22,"43100",57,"16600",2011,A,B
China,"Tongxiang (Jiaxing), ZJ","946000",2015,"510000",20,"47300",52,"18300",2000,C,B
China,"Fuxin, LN","944000",2015,"890000",48,"19700",124,"7600",2010,C,B
Mexico,Chihuahua,"940000",2015,"940000",64,"14700",166,"5700",2015,D,B
Nigeria,Aba,"940000",2015,"940000",35,"26900",91,"10400",2015,D,B
China,"Rizhao, SD","937000",2015,"800000",57,"16400",148,"6300",2010,C,B
China,"Yancheng, JS","935000",2015,"750000",80,"11700",207,"4500",2010,C,B
Mexico,Culiacan,"935000",2015,"840000",41,"22800",106,"8800",2010,C,B
Morocco,Tanger,"934000",2015,"790000",37,"25200",96,"9700",2010,D,B
China,"Baoji, SAA","933000",2015,"815000",28,"33300",73,"12900",2010,D,B
Ukraine,Donetsk,"930000",2015,"930000",174,"5300",451,"2100",2015,D,B
Nigeria,Maiduguri,"925000",2015,"851000",60,"15400",155,"6000",2011,D,B
United States,"Buffalo, NY","923000",2015,"936000",380,"2500",9849002010,A,A
Venezuela,Barquisimeto,"923000",2015,"900000",75,"12300",194,"4800",2011,C,B
China,"Jinzhou, LN","922000",2015,"840000",30,"30700",78,"11900",2010,C,B
France,Toulouse,"922000",2015,"865000",313,"2900",811,"1100",2010,C,B
United States,"New Orleans, LA","922000",2015,"900000",251,"3600",650,"1400",2010,A,A
China,"Mudanjiang, HL","920000",2015,"850000",42,"21900",109,"8500",2010,C,B
Turkey,Diyarbakir,"920000",2015,"920000",24,"38300",62,"14800",2015,D,B
Mexico,Saltillo,"917000",2015,"820000",84,"10900",218,"4200",2010,D,B
United States,"Oklahoma City, OK","917000",2015,"862000",411,"2100","1064",9002010,A,A
Brazil,Florianopolis,"915000",2015,"800000",70,"13100",181,"5000",2010,C,B
Argentina,Tucuman,"910000",2015,"910000",44,"20700",114,"8000",2015,D,B
China,"Kashi, XJ","910000",2010,"750000",50,"18200",130,"7000",2010,C,B
Pakistan,Bahawalpur,"910000",2015,"910000",23,"39600",60,"15300",2015,D,B
Indonesia,Bandar Lampung,"909000",2015,"825000",41,"22200",106,"8600",2010,C,B
Nigeria,Enugu,"906000",2015,"807000",30,"30200",78,"11700",2011,D,B
United States,"Tucson, AZ","902000",2015,"843000",353,"2400",914,"1000",2010,A,A
Malawi,Lilongwe,"900000",2015,"900000",27,"33300",70,"12900",2015,D,B
South Korea,Ulsan,"900000",2015,"900000",40,"22500",104,"8700",2015,D,B
Turkey,Kayseri,"900000",2015,"900000",39,"23100",101,"8900",2015,D,B
Nigeria,Ilorin,"899000",2015,"814000",32,"28100",83,"10800",2011,D,B
Russia,Voronezh,"897000",2015,"880000",61,"14700",158,"5700",2010,C,B
Iran,Kermanshah,"890000",2015,"840000",40,"22300",104,"8600",2011,C,B
China,"Benxi, LN","888000",2015,"825000",45,"19700",117,"7600",2010,C,B
China,"Fuqing (Fuzhou), FJ","888000",2015,"800000",85,"10400",220,"4000",2010,C,B
Philippines,Angeles City,"883000",2015,"800000",72,"12300",186,"4700",2010,C,B
United Kingdom,Southampton-Portsmouth,"883000",2015,"856000",74,"11500",192,"4600",2011,A,A
Iraq,Najaf,"880000",2015,"880000",34,"25900",88,"10000",2015,D,B
Yemen,Aden,"880000",2015,"880000",19,"46300",49,"17900",2015,D,B
France,Bordeaux,"878000",2015,"830000",453,"1900","1173",7002010,C,B
Mexico,Acapulco,"875000",2015,"875000",33,"26500",85,"10200",2015,D,B
United Kingdom,Liverpool,"875000",2015,"864000",77,"11200",200,"4400",2011,A,A
Indonesia,Padang,"874000",2015,"800000",39,"22400",101,"8700",2010,C,B
Chile,Valparaíso-Vina del Mar,"872000",2015,"840000",62,"14100",161,"5400",2010,C,B
China,"Tongliao, NM","872000",2015,"770000",65,"13400",168,"5200",2010,C,B
Benin,Cotonou,"871000",2015,"840000",80,"10900",207,"4200",2010,F,B
United States,"El Paso, TX-NM","865000",2015,"803000",251,"3200",650,"1300",2010,A,A
Poland,Gdansk,"853000",2015,"850000",125,"6800",324,"2600",2011,C,B
Nigeria,Jos,"851000",2015,"772000",27,"31500",70,"12200",2011,D,B
Algeria,Wahran,"850000",2015,"850000",36,"23600",93,"9100",2015,D,B
Honduras,San Pedro Sula,"850000",2015,"850000",51,"16700",132,"6400",2015,D,B
Kyrgyzstan,Bishkek,"850000",2015,"850000",70,"12100",181,"4700",2015,D,B
Peru,Arequipa,"850000",2015,"850000",75,"11300",194,"4400",2015,D,B
Turkey,Mersin,"850000",2015,"850000",29,"29300",75,"11300",2015,D,B
India,"Warangal, AP","843000",2015,"760000",34,"24800",88,"9600",2011,A,B
United States,"Honolulu, HI","842000",2015,"802000",170,"4700",440,"1900",2010,A,A
Congo (Dem. Rep.),Bukavu,"840000",2015,"800000",17,"49400",44,"19100",2014,D,B
Israel,Jerusalem,"840000",2015,"840000",90,"9300",233,"3600",2015,D,B
Italy,Bergamo,"840000",2015,"840000",100,"8400",259,"3200",2015,D,B
Mexico,Cancun,"840000",2015,"840000",39,"21500",101,"8300",2015,D,B
Nigeria,Uyo,"840000",2015,"840000",40,"21000",104,"8100",2015,D,B
Mexico,Reynosa,"839000",2015,"730000",65,"12900",168,"5000",2010,D,B
United States,"McAllen, TX","838000",2015,"729000",358,"2000",9279002010,A,A
Brazil,Campo Grande,"834000",2015,"775000",81,"10300",210,"4000",2010,C,B
Japan,Shizuoka,"831000",2015,"700000",50,"16600",130,"6400",2010,C,B
Italy,Florence,"830000",2015,"821000",85,"9800",220,"3800",2010,C,B
Tanzania,Mwanza,"830000",2015,"830000",44,"18900",114,"7300",2015,D,B
Greece,Thessaloniki,"828000",2015,"840000",75,"11000",194,"4300",2010,C,B
China,"Maanshan, AH","827000",2015,"710000",75,"11000",194,"4300",2010,C,B
Congo (Dem. Rep.),Goma,"826000",2015,"630000",21,"39300",54,"15200",2010,F,B
Oman,Muscat,"825000",2015,"825000",80,"10300",207,"4000",2015,D,B
China,"Cangnan (Wenzhou), ZJ","823000",2010,"700000",25,"32900",65,"12700",2010,C,B
Tajikistan,Dushanbe,"820000",2015,"820000",97,"8500",251,"3300",2015,D,B
China,"Panzhihua, SC","818000",2015,"770000",20,"40900",52,"15800",2010,C,B
China,"Taian, SD","817000",2015,"750000",45,"18200",117,"7000",2010,D,B
Mexico,Tampico,"812000",2015,"760000",56,"14500",145,"5600",2010,D,B
United States,"Albuquerque, NM","812000",2015,"741000",251,"3000",650,"1200",2010,A,A
China,"Jiaozuo, HEN","809000",2015,"770000",50,"16200",130,"6200",2010,C,B
China,"Jieyang, GD","809000",2015,"660000",75,"10800",194,"4200",2010,C,B
India,"Siliguri, WB","809000",2015,"700000",17,"47600",44,"18400",2011,A,B
Japan,Niigata,"808000",2015,"800000",86,"9400",223,"3600",2005,C,B
Argentina,La Plata,"805000",2015,"750000",88,"9100",228,"3500",2010,A,B
Chile,Concepcion,"803000",2015,"750000",41,"19600",106,"7600",2010,C,B
China,"Changzhi, SAX","803000",2015,"710000",40,"20100",104,"7800",2010,C,B
China,"Danyang (Zhenjiang), JS","802000",2015,"675000",28,"28600",73,"11100",2010,C,B
Malawi,Blantyre,"800000",2015,"800000",39,"20500",101,"7900",2015,D,B
China,"Dandong, LN","799000",2015,"750000",45,"17800",117,"6900",2010,C,B
India,"Dehradun, UK","799000",2015,"714000",44,"18200",114,"7000",2011,A,B
Philippines,Zamboanga,"797000",2015,"700000",21,"38000",54,"14700",2010,C,B
Russia,Krasnodar,"793000",2015,"740000",70,"11300",181,"4400",2010,C,B
United Kingdom,Newcastle upon Tyne,"793000",2015,"775000",70,"11100",181,"4400",2011,A,A
China: Taiwan,Hsinchu,"792000",2015,"650000",45,"17600",117,"6800",2004,C,B
Central African Rep.,Bangui,"790000",2015,"790000",43,"18400",111,"7100",2015,D,B
China,"Leshan, SC","790000",2015,"600000",17,"46500",44,"17900",2007,C,B
India,"Bhiwandi, MH","790000",2015,"737000",20,"39500",52,"15300",2011,A,B
Peru,Trujillo,"790000",2015,"790000",33,"23900",85,"9200",2015,D,B
United States,"Birmingham, AL","790000",2015,"749000",530,"1400","1373",6002010,A,A
Angola,Lubango,"787000",2015,"600000",60,"13100",155,"5100",2010,F,B
Indonesia,Tasikmalaya,"787000",2015,"600000",15,"52500",39,"20300",2010,C,B
Switzerland,Zurich,"785000",2015,"735000",95,"8300",246,"3200",2009,C,B
China,"Ganzhou, JX","780000",2015,"600000",47,"16600",122,"6400",2010,C,B
Japan,Otsu,"779000",2010,"775000",117,"6700",303,"2600",2010,C,B
Angola,Lobito,"778000",2010,"600000",30,"25900",78,"10000",2010,F,B
Angola,Benguela,"777000",2013,"700000",35,"22200",91,"8600",2013,F,B
Colombia,Cucuta,"777000",2015,"660000",39,"19900",101,"7700",2005,C,B
Brazil,Aracaju,"776000",2015,"710000",45,"17200",117,"6700",2010,C,B
Russia,Saratov,"772000",2015,"800000",87,"8900",225,"3400",2010,C,B
United States,"Omaha, NE-IA","772000",2015,"725000",271,"2700",702,"1100",2010,A,A
Syria,Lattakia,"770000",2015,"650000",16,"48100",41,"18600",2010,D,B
Brazil,Cuiaba,"769000",2015,"725000",125,"6200",324,"2400",2010,C,B
Viet Nam,Can Tho,"769000",2015,"550000",17,"45200",44,"17500",2009,C,B
Saudi Arabia,Taif,"766000",2015,"720000",55,"13900",142,"5400",2010,C,B
Indonesia,Samarinda,"765000",2015,"650000",20,"38300",52,"14800",2010,C,B
Spain,Las Palmas,"763000",2015,"700000",40,"19100",104,"7400",2001,C,B
India,"Saharanpur, UP","761000",2015,"650000",15,"50700",39,"19600",2011,A,B
Brazil,Jundiai,"760000",2015,"700000",120,"6300",311,"2400",2010,C,B
Ivory Coast,Bouake,"760000",2015,"760000",38,"20000",98,"7700",2015,D,B
Poland,Krakow,"760000",2015,"760000",85,"8900",220,"3500",2015,D,B
China,"Liaoyang, LN","756000",2015,"700000",50,"15100",130,"5800",2010,C,B
Spain,Bilbao,"756000",2015,"750000",50,"15100",130,"5800",2001,C,B
United Kingdom,Nottingham,"755000",2015,"730000",68,"10700",176,"4300",2011,A,A
China,"Jingzhou, HUB","751000",2015,"700000",60,"12500",155,"4800",2010,C,B
Burundi,Bujumbura,"750000",2015,"750000",30,"25000",78,"9700",2015,C,B
Kazakhstan,Astana,"750000",2015,"750000",60,"12500",155,"4800",2015,D,B
Somalia,Hargeysa,"750000",2015,"750000",25,"30000",65,"11600",2015,D,B
Ukraine,Zaporizhzhya,"750000",2015,"750000",100,"7500",259,"2900",2015,D,B
China,"Xingtai, HEB","749000",2015,"675000",45,"16600",117,"6400",2010,C,B
India,"Guntur, AP","746000",2015,"674000",14,"53300",36,"20600",2011,A,B
Senegal,Touba,"746000",2010,"620000",55,"13600",142,"5200",2010,D,B
China,"Changde, HUN","744000",2015,"650000",38,"19600",98,"7600",2010,C,B
Saudi Arabia,Hufuf-Mubarraz,"740000",2015,"740000",105,"7000",272,"2700",2015,D,B
Turkmenistan,Ashgabat,"740000",2015,"740000",47,"15700",122,"6100",2015,D,B
United States,"Dayton, OH","735000",2015,"724000",351,"2100",9098002010,A,A
United States,"Rochester, NY","735000",2015,"721000",324,"2200",8399002010,A,A
China,"Shiyan, HUB","733000",2015,"640000",47,"15600",122,"6000",2010,C,B
China,"Nanyang, HEN","731000",2015,"650000",33,"22200",85,"8600",2010,C,B
China,"Yuyao (Ningbo), ZJ","731000",2015,"650000",47,"15600",122,"6000",2010,C,B
Canada,"Québec, QC","730000",2015,"697000",258,"2700",668,"1100",2011,A,A
Iran,Urmia,"730000",2015,"730000",34,"21500",88,"8300",2015,D,B
Italy,Palermo,"730000",2015,"730000",68,"10700",176,"4100",2010,C,B
Malaysia,Ipoh,"730000",2015,"730000",100,"7300",259,"2800",2015,D,B
Ukraine,Lviv,"730000",2015,"730000",75,"9700",194,"3800",2015,D,B
Algeria,Constantine,"729000",2015,"730000",38,"19200",98,"7400",2010,C,B
Germany,Dresden,"727000",2015,"700000",105,"6900",272,"2700",2011,C,B
India,"Gorakhpur, UP","727000",2015,"693000",21,"34600",54,"13400",2011,A,B
Italy,Catania,"726000",2015,"720000",95,"7600",246,"3000",2010,C,B
Kazakhstan,Shimkent,"725000",2015,"725000",52,"13900",135,"5400",2015,D,B
Libya,Banghazi,"725000",2015,"725000",90,"8100",233,"3100",2015,D,B
Venezuela,Barcelona,"725000",2015,"675000",49,"14800",127,"5700",2011,C,B
Spain,Zaragoza,"723000",2015,"700000",57,"12700",148,"4900",2011,C,B
India,"Puducherry, PY","721000",2015,"654000",32,"22500",83,"8700",2011,A,B
Brazil,Sorocaba,"720000",2015,"720000",110,"6500",285,"2500",2015,D,B
Burkina Faso,Bobo-Dioulasso,"720000",2015,"720000",39,"18500",101,"7100",2015,D,B
Moldova,Chisinau,"720000",2015,"720000",40,"18000",104,"6900",2015,D,B
Japan,Fuji,"718000",2005,"710000",59,"12200",153,"4700",2005,C,B
Russia,Tolyatti,"716000",2015,"710000",56,"12800",145,"4900",2010,C,B
Spain,Malaga,"716000",2015,"700000",52,"13800",135,"5300",2011,C,B
China,"Quzhou, ZJ","715000",2015,"550000",68,"10500",176,"4100",2010,C,B
Malaysia,Kuching,"715000",2015,"650000",70,"10200",181,"3900",2010,C,B
India,"Agartala, TR","712000",2015,"550000",30,"23700",78,"9200",2011,A,B
China,"Ezhou, HUB","711000",2015,"675000",40,"17800",104,"6900",2010,C,B
Germany,Hannover,"711000",2015,"700000",110,"6500",285,"2500",2011,C,B
Mexico,Morelia,"711000",2015,"650000",30,"23700",78,"9200",2010,C,B
Saudi Arabia,Khamis Mushayt,"711000",2015,"650000",155,"4600",401,"1800",2010,C,B
Nigeria,Owerri,"710000",2015,"710000",50,"14200",130,"5500",2015,D,B
Pakistan,Sargodha,"710000",2015,"710000",20,"35500",52,"13700",2015,D,B
Tunisia,Sfax,"710000",2015,"710000",77,"9200",199,"3600",2015,D,B
China,"Yingkou, LN","708000",2015,"610000",24,"29500",62,"11400",2010,C,B
Japan,Okayama,"707000",2015,"650000",65,"10900",168,"4200",2005,C,B
South Africa,Vereeniging,"707000",2015,"675000",130,"5400",337,"2100",2011,C,B
United States,"Allentown, PA-NJ","707000",2015,"665000",346,"1900",8968002010,A,A
United Kingdom,Sheffield,"706000",2015,"685000",65,"10600",167,"4200",2011,A,A
Croatia,Zagreb,"704000",2015,"700000",72,"9800",186,"3800",2011,C,B
United States,"Fresno, CA","703000",2015,"655000",171,"3800",443,"1600",2010,A,A
China,"Chenzhou, HUN","702000",2015,"560000",42,"16700",109,"6500",2010,C,B
India,"Bikaner, RJ","702000",2015,"648000",25,"28100",65,"10800",2011,A,B
United States,"Tulsa, OK","702000",2015,"655000",336,"1900",8708002010,A,A
China,"Xintai, SD","701000",2015,"600000",67,"10500",174,"4000",2010,C,B
Brazil,Blumenau,"700000",2015,"650000",40,"17500",104,"6800",2010,C,B
Gabon,Libreville,"700000",2015,"700000",70,"10000",181,"3900",2015,D,B
Ghana,Sekondi Takoradi,"700000",2015,"700000",35,"20000",91,"7700",2015,D,B
Nigeria,Ikorodu,"700000",2015,"700000",50,"14000",130,"5400",2015,D,B
Poland,Lodz,"700000",2015,"700000",70,"10000",181,"3900",2015,D,B
Sudan,Nyala,"700000",2015,"700000",35,"20000",91,"7700",2015,D,B
Syria,Al-Raqqa,"700000",2015,"700000",12,"58300",31,"22500",2015,D,B
Turkey,Eskisehir,"700000",2015,"700000",43,"16300",111,"6300",2015,D,B
China,"Shangqiu, HEN","699000",2015,"610000",70,"10000",181,"3900",2010,C,B
Canada,"Winnipeg, MB","698000",2015,"672000",174,"3900",451,"1500",2011,A,A
Japan,Kumamoto,"697000",2015,"675000",50,"13900",130,"5400",2010,C,B
China,"Jinhua, ZJ","694000",2015,"520000",72,"9600",186,"3700",2010,C,B
China,"Linfen, SAX","693000",2015,"510000",41,"16900",106,"6500",2007,C,B
India,"Cuttack, OR","693000",2015,"659000",20,"34700",52,"13400",2011,A,B
China,"Nanchong, SC","692000",2015,"590000",27,"25600",70,"9900",2010,C,B
China,"Yizing (Wuxi), JS","692000",2010,"625000",27,"25600",70,"9900",2010,C,B
India,"Amravati, MH","692000",2015,"647000",17,"40700",44,"15700",2011,A,B
China,"Shaoguan, GD","691000",2015,"670000",50,"13800",130,"5300",2010,C,B
Mexico,Villahermosa,"691000",2015,"625000",25,"27600",65,"10700",2010,C,B
Congo (Dem. Rep.),Tshikapa,"690000",2015,"690000",13,"53100",34,"20500",2015,D,B
Venezuela,Ciudad Guayana,"690000",2015,"690000",61,"11300",158,"4400",2015,D,B
China,"Huangshi, HUB","685000",2015,"595000",35,"19600",91,"7600",2007,C,B
China,"Yueyang, HUN","683000",2015,"650000",24,"28500",62,"11000",2010,C,B
Eritrea,Asmara,"683000",2015,"500000",41,"16700",106,"6400",2007,C,B
United States,"Sarasota, FL","683000",2015,"643000",327,"2000",8478002010,A,A
Angola,Kuito,"681000",2010,"525000",30,"22700",78,"8800",2010,F,B
Iraq,Karbala,"680000",2015,"680000",23,"29600",60,"11400",2015,D,B
Ukraine,Krivoi Rog,"680000",2015,"680000",64,"10600",166,"4100",2015,D,B
India,"Jammu, JK","676000",2015,"652000",27,"25000",70,"9700",2011,A,B
Philippines,Cagayan de Oro,"676000",2015,"600000",27,"25000",70,"9700",2010,C,B
Brazil,Londrina,"675000",2015,"625000",70,"9600",181,"3700",2010,C,B
Brazil,Sao Jose dos Campos,"675000",2015,"650000",65,"10400",168,"4000",2010,C,B
China,"Dongsheng (Ordos), NM","675000",2015,"570000",50,"13500",130,"5200",2010,C,B
China,"Hegang, HL","675000",2015,"650000",45,"15000",117,"5800",2010,C,B
Yemen,Ta'izz,"675000",2015,"675000",17,"39700",44,"15300",2015,D,B
China,"Liupanshui, GZ","673000",2015,"525000",35,"19200",91,"7400",2010,C,B
China,"Yangquan, SAX","673000",2015,"560000",27,"24900",70,"9600",2007,C,B
Germany,Nuremberg,"670000",2015,"660000",90,"7400",233,"2900",2011,C,B
Netherlands,Utrecht,"670000",2015,"650000",110,"6100",285,"2400",2013,C,B
South Korea,Jeonju,"670000",2015,"670000",33,"20300",85,"7800",2015,D,B
China,"Xinyu, JX","669000",2015,"495000",31,"21600",80,"8300",2007,C,B
Morocco,Meknes,"669000",2015,"500000",20,"33500",52,"12900",2004,C,B
China,"Loudi, HUN","667000",2015,"550000",22,"30300",57,"11700",2010,C,B
China,"Shaoyang, HUN","666000",2015,"600000",41,"16200",106,"6300",2010,C,B
Thailand,Chon Buri,"665000",2015,"500000",64,"10400",166,"4000",2010,C,B
China,"Haicheng (Anshan), LN","664000",2015,"620000",21,"31600",54,"12200",2010,C,B
Germany,Bremen,"660000",2015,"650000",105,"6300",272,"2400",2001,C,B
Nigeria,Warri,"660000",2015,"660000",55,"12000",142,"4600",2015,D,B
Indonesia,Banjarmasin,"659000",2015,"600000",20,"33000",52,"12700",2010,C,B
India,"Mangalore, KA","658000",2015,"620000",25,"26300",65,"10200",2011,A,B
China,"Luohe, HEN","657000",2015,"500000",17,"38600",44,"14900",2010,C,B
India,"Belgaum, KA","657000",2015,"610000",18,"36500",47,"14100",2011,A,B
China,"Kuerle, XJ","655000",2015,"500000",50,"13100",130,"5100",2010,C,B
India,"Malegaon, HP","653000",2015,"576000",9,"72600",23,"28000",2011,A,B
China,"Binzhou, SD","652000",2015,"550000",80,"8200",207,"3100",2010,C,B
South Korea,Cheongju,"651000",2015,"625000",22,"29600",57,"11400",2010,C,B
United States,"Baton Rouge, LA","651000",2015,"594000",367,"1600",9517002010,A,A
China,"Puyang, HEN","650000",2015,"550000",46,"14100",119,"5500",2010,C,B
Egypt,Port Said,"650000",2015,"650000",14,"46400",36,"17900",2015,D,B
India,"Nellore, AP","650000",2015,"650000",16,"40600",41,"15700",2015,D,B
Iraq,Kirkuk,"650000",2015,"650000",32,"20300",83,"7800",2015,D,B
Libya,Misratah,"650000",2015,"650000",85,"7600",220,"3000",2015,D,B
Mexico,Celaya,"650000",2015,"650000",42,"15500",109,"6000",2015,D,B
Mexico,Oaxaca,"650000",2015,"650000",53,"12300",137,"4700",2015,D,B
Nigeria,Oshogbo,"650000",2015,"650000",40,"16300",104,"6300",2015,D,B
Brazil,Ribeirao  Preto,"648000",2015,"600000",43,"15100",111,"5800",2010,C,B
India,"Bhavnagar, GJ","647000",2015,"606000",13,"49800",34,"19200",2011,A,B
Mexico,Veracruz,"647000",2015,"600000",34,"19000",88,"7300",2010,C,B
United Kingdom,Bristol,"646000",2015,"617000",56,"11100",144,"4500",2011,A,A
United States,"Cape Coral, FL","646000",2015,"530000",330,"1600",8558002010,A,A
Uzbekistan,Samarkand,"645000",2015,"600000",76,"8500",197,"3300",1999,F,B
United States,"Springfield, MA-CT","644000",2015,"621000",349,"1800",9047002010,A,A
China,"Lufeng (Shanwei), GD","636000",2010,"590000",18,"35300",47,"13600",2010,C,B
China,"Guigang, GX","633000",2015,"550000",36,"17600",93,"6800",2010,C,B
China,"Kaifeng, HEN","633000",2015,"535000",45,"14100",117,"5400",2007,C,B
Tanzania,Zanzibar,"631000",2015,"550000",25,"25200",65,"9700",2012,C,B
United States,"Knoxville, TN","631000",2015,"559000",438,"1300","1134",6002010,A,A
France,Nantes,"620000",2015,"585000",208,"2800",539,"1200",2008,A,A
China,"Panjin, LN","630000",2015,"580000",40,"15800",104,"6100",2007,C,B
China,"Chuzhou, AH","629000",2015,"550000",64,"9800",166,"3800",2010,F,B
Russia,Makhachkala,"629000",2015,"570000",53,"11900",137,"4600",2010,C,B
Iran,Yazd,"628000",2015,"600000",80,"7900",207,"3000",2013,C,B
North Korea,Chongjin,"625000",2015,"625000",30,"20800",78,"8000",2015,D,B
South Sudan,Juba,"624000",2015,"500000",56,"11100",145,"4300",2010,F,B
Brazil,Uberlandia,"623000",2015,"575000",51,"12200",132,"4700",2010,C,B
China,"Jining, SD","623000",2015,"580000",29,"21500",75,"8300",2010,C,B
India,"Jamnagar, GJ","623000",2015,"600000",18,"34600",47,"13400",2011,A,B
India,"Durgapur, WB","622000",2015,"581000",19,"32700",49,"12600",2011,A,B
Spain,Palma,"621000",2015,"500000",65,"9600",168,"3700",2001,C,B
Albania,Tirana,"620000",2015,"560000",33,"18800",85,"7300",2010,C,B
Latvia,Riga,"620000",2015,"620000",100,"6200",259,"2400",2015,D,B
Palestine,Gaza,"620000",2015,"620000",17,"36500",44,"14100",2015,D,B
Poland,Wrocław,"620000",2015,"620000",48,"12900",124,"5000",2015,C,B
Russia,Tyumen,"620000",2015,"620000",47,"13200",122,"5100",2015,D,B
China,"Maoming, GD","619000",2015,"520000",23,"26900",60,"10400",2010,C,B
Mexico,Tuxtla Gutierrez,"618000",2015,"550000",37,"16700",96,"6400",2010,C,B
Italy,Genoa,"617000",2015,"625000",30,"20600",78,"7900",2010,C,B
United States,"Columbia, SC","616000",2015,"550000",380,"1400",9846002010,A,A
China,"Liaocheng, SD","615000",2015,"550000",50,"12300",130,"4700",2010,C,B
China,"Bozhou, AH","613000",2015,"500000",32,"19200",83,"7400",2010,C,B
India,"Hubli, KL","613000",2015,"570000",20,"30700",52,"11800",2011,F,B
United States,"Albany, NY","613000",2015,"595000",296,"2000",7678002010,A,A
Russia,Barnaul,"612000",2015,"610000",43,"14200",111,"5500",2010,C,B
Argentina,Mar del Plata,"611000",2015,"575000",42,"14500",109,"5600",2010,A,B
Mexico,Hermosillo,"611000",2015,"550000",69,"8900",179,"3400",2010,C,B
Russia,Izhevsk,"611000",2015,"620000",55,"11100",142,"4300",2010,C,B
United States,"Charleston, SC","611000",2015,"548000",293,"1900",7598002010,A,A
United States,"Ogden, UT","611000",2015,"546000",218,"2500",565,"1100",2010,A,A
Iran,Rasht,"610000",2015,"550000",24,"25400",62,"9800",2011,C,B
Morocco,Agadir,"608000",2015,"650000",35,"17400",91,"6700",2004,C,B
China,"Fuyang (Hangzhou), ZJ","607000",2015,"500000",44,"13800",114,"5300",2010,C,B
United States,"Colorado Springs, CO","605000",2015,"559000",188,"3000",487,"1200",2010,A,A
Japan,Kanazawa,"603000",2015,"575000",53,"11400",137,"4400",2005,C,B
China,"Zhoushan, ZJ","602000",2015,"550000",50,"12000",130,"4600",2010,C,B
Bangladesh,Sylhet,"601000",2015,"500000",19,"31600",49,"12200",2011,C,B
China,"Huludao, LN","601000",2015,"550000",49,"12300",127,"4700",2010,C,B
China,"Fuyang, AH","600000",2015,"525000",36,"16700",93,"6400",2010,C,B
China,"Yangjiang, GD","600000",2015,"550000",38,"15800",98,"6100",2010,C,B
India,"Nanded Waghala, MH","600000",2015,"600000",13,"46200",34,"17800",2015,D,B
Indonesia,Pontianak,"600000",2015,"600000",24,"25000",62,"9700",2015,D,B
Italy,Padova,"600000",2015,"600000",72,"8300",186,"3200",2015,D,B
Mozambique,Nampula,"600000",2015,"600000",25,"24000",65,"9300",2015,D,B
Saudi Arabia,Taif,"600000",2015,"600000",70,"8600",181,"3300",2015,D,B
United Kingdom,Belfast,"600000",2015,"600000",62,"9700",161,"3700",2015,D,A
France,Toulon,"590000",2015,"559000",295,"1900",7648002008,A,A
China,"Qujing, YN","599000",2015,"500000",52,"11500",135,"4400",2010,C,B
Switzerland,Geneva,"599000",2015,"515000",70,"8600",181,"3300",2003,C,B
China,"Heze, SD","598000",2015,"575000",48,"12500",124,"4800",2010,C,B
China,"Yongkang (Jinhua), ZJ","596000",2015,"510000",86,"6900",223,"2700",2010,C,B
Germany,Leipzig,"596000",2015,"575000",95,"6300",246,"2400",2011,C,B
China,"Akesu, XJ","594000",2015,"500000",35,"17000",91,"6600",2010,C,B
India,"Bokaro Steel City, JH","594000",2015,"563000",19,"31300",49,"12100",2011,A,B
India,"Kolhapur, MAH","593000",2015,"562000",16,"37100",41,"14300",2011,A,B
Australia,"Gold Coast, QLD-NSW","591000",2015,"534000",235,"2300",609,"1000",2011,A,A
Russia,Ulyanovsk,"591000",2015,"610000",35,"16900",91,"6500",2010,C,B
India,"Jhansi, UP","590000",2015,"550000",16,"36900",41,"14200",2011,A,B
United States,"Bakersfield, CA","590000",2015,"524000",138,"3800",357,"1700",2010,A,A
China: Macau SAR,Macau,"589000",2015,"553000",9,"65400",23,"25300",2011,C,B
China,"Qingyuan, GD","588000",2015,"550000",36,"16300",93,"6300",2010,C,B
India,"Gulbarga, KA","588000",2015,"540000",15,"39200",39,"15100",2011,A,B
Russia,Vladivostok,"587000",2015,"590000",35,"16800",91,"6500",2010,C,B
Sweden,Goteborg,"587000",2015,"550000",79,"6900",205,"2900",2010,A,A
United States,"Provo, UT","586000",2015,"483000",169,"2900",438,"1300",2010,A,A
China,"Mianyang, SC","585000",2015,"530000",25,"23400",65,"9000",2010,C,B
India,"Raurkela, OR","585000",2015,"553000",33,"17700",85,"6800",2011,A,B
Nigeria,Oyo,"585000",2015,"500000",19,"30800",49,"11900",2010,F,B
United States,"Grand Rapids, MI","585000",2015,"570000",281,"2000",7288002010,A,A
China,"Siping, JL","584000",2015,"540000",41,"14200",106,"5500",2010,C,B
Indonesia,Balikpapan,"583000",2015,"500000",22,"26500",57,"10200",2010,A,B
China,"Wanzhou, CQ","582000",2010,"500000",16,"36400",41,"14000",2010,C,B
India,"Ajmer, RJ","581000",2015,"551000",12,"48400",31,"18700",2011,A,B
Japan,Nagano,"581000",2005,"575000",75,"7700",194,"3000",2005,C,B
Colombia,Ibague,"580000",2015,"465000",13,"44600",34,"17200",2005,C,B
Egypt,Suez,"580000",2015,"580000",28,"20700",73,"8000",2015,D,B
India,"Cherthala, KL","580000",2015,"580000",20,"29000",52,"11200",2015,D,B
India,"Muzaffarnagar, UP","580000",2015,"580000",11,"52700",28,"20400",2015,D,B
Jamaica,Kingston,"580000",2015,"580000",40,"14500",104,"5600",2015,D,B
United States,"Murrieta, CA","580000",2015,"442000",162,"2700",420,"1400",2010,A,A
Brazil,"Luziana-Gama, GO-DF","579000",2010,"525000",100,"5800",259,"2200",2010,C,B
India,"Erode, TN","579000",2015,"520000",20,"29000",52,"11200",2011,A,B
China,"Deyang, SC","578000",2015,"490000",68,"8500",40,"14500",2010,C,B
China,"Laiwu, SD","577000",2015,"500000",58,"9900",150,"3800",2010,F,B
Colombia,Pereira,"577000",2015,"530000",17,"33900",44,"13100",2005,C,B
Zambia,Kitwe,"576000",2015,"500000",45,"12800",117,"4900",2011,C,B
Dominican Republic,Santiago,"575000",2015,"575000",29,"19800",75,"7700",2015,D,B
Mexico,Pachuca,"575000",2015,"575000",53,"10800",137,"4200",2015,D,B
Iran,Kerman,"571000",2015,"550000",45,"12700",117,"4900",2011,C,B
Russia,Irkutsk,"571000",2015,"580000",55,"10400",142,"4000",2010,C,B
United States,"Akron, OH","571000",2015,"569000",325,"1800",8427002010,A,A
Israel,Beer Sheba,"570000",2015,"570000",21,"27100",54,"10500",2015,D,B
Pakistan,Sialkot,"570000",2015,"570000",20,"28500",52,"11000",2015,D,B
Pakistan,Sukkur,"570000",2015,"570000",17,"33500",44,"12900",2015,D,B
Philippines,Bacolod,"570000",2015,"525000",32,"17800",83,"6900",2010,C,B
China,"Pizhou (Xuxhou), JS","569000",2015,"450000",31,"18400",80,"7100",2010,C,B
China,"Wuhai, NM","569000",2015,"510000",30,"19000",78,"7300",2010,C,B
Peru,Chiclayo,"569000",2015,"500000",20,"28500",52,"11000",2007,C,B
Indonesia,Jambi,"568000",2015,"500000",30,"18900",78,"7300",2010,C,B
China,"Dezhou, SD-HEB","567000",2015,"500000",68,"8300",176,"3200",2010,C,B
Argentina,Santa Fe,"565000",2015,"500000",45,"12600",117,"4800",2010,C,B
Brazil,Feira de Santana,"565000",2015,"525000",30,"18800",78,"7300",2010,C,B
China,"Pingxiang, JX","565000",2015,"500000",25,"22600",65,"8700",2010,C,B
India,"Firozabad, UP","565000",2015,"500000",11,"51400",28,"19800",2011,A,B
South Korea,Cheonan,"565000",2015,"500000",22,"25700",57,"9900",2010,C,B
China,"Taixing (Taizhou), JS","564000",2015,"490000",34,"16600",88,"6400",2010,C,B
Indonesia,Serang,"564000",2010,"525000",25,"22600",65,"8700",2010,C,B
Malaysia,Seremban,"564000",2015,"500000",60,"9400",155,"3600",2010,C,B
Argentina,Salta,"563000",2015,"525000",42,"13400",109,"5200",2010,C,B
China,"Zhuji (Shaoxing), ZJ","563000",2015,"500000",45,"12500",117,"4800",2010,C,B
India,"Tirunelveli, TN","563000",2015,"530000",20,"28200",52,"10900",2011,A,B
Iran,Zahedan,"563000",2015,"560000",35,"16100",91,"6200",2011,C,B
China,"Taizhou, JS","562000",2015,"500000",45,"12500",117,"4800",2010,C,B
China,"Zhoukou, HEN","562000",2015,"480000",39,"14400",101,"5600",2010,C,B
China,"Anqing, AH","561000",2015,"500000",40,"14000",104,"5400",2010,C,B
China,"Xinyang, HEN","561000",2015,"500000",29,"19300",75,"7500",2010,C,B
China,"Yibin, SC","561000",2015,"510000",22,"25500",57,"9800",2010,C,B
Russia,Khabarovsk,"561000",2015,"570000",75,"7500",194,"2900",2010,C,B
China,"Zhaoqing, GD","560000",2015,"500000",25,"22400",65,"8600",2010,C,B
Iran,Hamadan,"560000",2015,"560000",22,"25500",57,"9800",2015,D,B
Saudi Arabia,Buraydah,"560000",2015,"560000",80,"7000",207,"2700",2015,D,B
Turkey,Samsun,"560000",2015,"560000",26,"21500",67,"8300",2015,D,B
China,"Jiujiang, JX","559000",2015,"500000",42,"13300",109,"5100",2010,C,B
Germany,Mannheim,"559000",2015,"550000",85,"6600",220,"2500",2011,C,B
Belgium,Liege,"558000",2015,"550000",110,"5100",285,"2000",2010,C,B
China,"Huaihua, HUN","556000",2015,"450000",25,"22200",65,"8600",2010,C,B
Russia,Yaroslavl,"556000",2015,"575000",90,"6200",233,"2400",2010,C,B
China,"Liyang (Changzhou), JS","555000",2015,"500000",31,"17900",80,"6900",2010,C,B
China,"Xuchang, HEN","555000",2015,"500000",26,"21300",67,"8200",2010,C,B
China,"Songyuan, JL","554000",2015,"525000",36,"15400",93,"5900",2010,C,B
Bangladesh,Bogra,"550000",2015,"550000",15,"36700",39,"14200",2015,D,B
India,"Tirupati, AP","550000",2015,"550000",23,"23900",60,"9200",2015,D,B
Mexico,Tlaxcala,"550000",2015,"550000",14,"39300",36,"15200",2015,D,B
Nigeria,Akure,"550000",2015,"550000",45,"12200",117,"4700",2015,D,B
Nigeria,Sokoto,"550000",2015,"550000",34,"16200",88,"6200",2015,D,B
North Korea,Hamhung,"550000",2015,"550000",19,"28900",49,"11200",2015,D,B
Syria,Al-Hasakah,"550000",2015,"550000",15,"36700",39,"14200",2015,D,B
Turkey,Urfa,"550000",2015,"550000",16,"34400",41,"13300",2015,D,B
Yemen,Al-Hudaydah,"550000",2015,"550000",12,"45800",31,"17700",2015,D,B
Saudi Arabia,Tabuk,"549000",2015,"500000",70,"7800",181,"3000",2010,C,B
China,"Yiyang, HUN","546000",2015,"470000",20,"27300",52,"10500",2010,C,B
India,"Sangali, MH","545000",2015,"514000",18,"30300",47,"11700",2011,A,B
Philippines,Iolio City,"545000",2010,"500000",25,"21800",65,"8400",2010,C,B
Germany,Saarbrucken,"544000",2001,"515000",90,"6000",233,"2300",2001,C,B
Brazil,Joinville,"542000",2015,"500000",70,"7700",181,"3000",2010,C,B
Japan,Kagoshima,"542000",2015,"540000",49,"11100",127,"4300",2005,C,B
Russia,Khabarovsk,"541000",2015,"550000",110,"4900",285,"1900",2010,C,B
Poland,Poznan,"540000",2015,"540000",85,"6400",220,"2500",2015,D,B
Russia,Novokuznetsk,"540000",2015,"540000",41,"13200",106,"5100",2015,D,B
China,"Suqian, JS","539000",2015,"410000",95,"5700",246,"2200",2010,C,B
Bangladesh,Rajshahi,"538000",2015,"500000",12,"44800",31,"17300",2011,C,B
India,"Ujjain, MP","538000",2015,"500000",16,"33600",41,"13000",2011,A,B
Spain,Santa Cruz de Tenerife,"538000",2015,"525000",42,"12800",109,"4900",2011,C,B
China,"Qitaihe, HL","537000",2015,"500000",46,"11700",119,"4500",2010,C,B
Russia,Tomsk,"537000",2015,"520000",40,"13400",104,"5200",2010,C,B
China,"Anshun, GZ","535000",2015,"445000",16,"33400",41,"12900",2010,C,B
China,"Chaoyang, LN","534000",2015,"500000",49,"10900",127,"4200",2010,C,B
Russia,Orenburg,"534000",2015,"540000",26,"20500",67,"7900",2010,C,B
United Kingdom,Leicester,"534000",2015,"509000",42,"12100",109,"4900",2011,A,A
Zimbabwe,Bulawayo,"534000",2015,"530000",90,"5900",233,"2300",2012,C,B
China,"Cangzhou, HEB","532000",2015,"500000",50,"10600",130,"4100",2010,C,B
Gambia,Banjul,"531000",2015,"500000",115,"4600",298,"1800",2013,C,B
Djibouti,Djibouti,"530000",2015,"530000",15,"35300",39,"13600",2015,D,B
India,"Kayamkulam, KL","530000",2015,"530000",16,"33100",41,"12800",2015,D,B
Mexico,Poza Rica,"530000",2015,"530000",18,"29400",47,"11400",2015,D,B
Russia,Kemerovo,"529000",2015,"530000",41,"12900",106,"5000",2010,C,B
China,"Renqiu (Cangzhou), HEB","528000",2015,"440000",26,"20300",67,"7800",2010,C,B
Iran,Ardabil,"528000",2015,"500000",24,"22000",62,"8500",2013,C,B
Brazil,Juiz de Fora,"525000",2015,"525000",40,"13100",104,"5100",2015,D,B
Russia,Astrakhan,"525000",2015,"520000",46,"11400",119,"4400",2010,C,B
Trinidad & Tobago,Port of Spain,"525000",2003,"525000",110,"4800",285,"1800",2003,F,B
France,Douai-Lens,"514000",2015,"510000",187,"2700",484,"1100",2008,A,A
Italy,Bologna,"523000",2015,"510000",60,"8700",155,"3400",2010,C,B
Switzerland,Basel,"523000",2015,"510000",77,"6800",199,"2600",2011,C,B
South Korea,Pohang,"522000",2015,"500000",35,"14900",91,"5800",2010,C,B
China,"Xiantao, HUB","520000",2015,"500000",32,"16300",83,"6300",2010,C,B
France,Grenoble,"511000",2015,"495000",198,"2500",513,"1000",2008,A,A
India,"Mathura, UP","520000",2015,"520000",18,"28900",47,"11200",2015,D,B
India,"Vellore, TN","520000",2015,"520000",18,"28900",47,"11200",2015,D,B
Mexico,Durango,"520000",2015,"520000",45,"11600",117,"4500",2015,D,B
Pakistan,Sheikhupura,"520000",2015,"520000",16,"32500",41,"12500",2015,D,B
Russia,Ryazan,"520000",2015,"520000",50,"10400",130,"4000",2015,D,B
Thailand,Udon Thani,"520000",2015,"520000",28,"18600",73,"7200",2015,D,B
Turkey,Denizli,"520000",2015,"520000",37,"14100",96,"5400",2015,D,B
Uzbekistan,Namangan,"520000",2015,"520000",55,"9500",142,"3700",2015,D,B
Iran,Arak,"517000",2015,"500000",23,"22500",60,"8700",2013,C,B
United States,"Worcester, MA-CT","514000",2015,"487000",304,"1600",7877002010,A,A
China,"Langfang, HEB-TJ","513000",2015,"440000",50,"10300",130,"4000",2010,C,B
Russia,Tula,"513000",2015,"500000",50,"10300",130,"4000",2010,C,B
United States,"Toledo, OH-MI","512000",2015,"508000",240,"2100",6228002010,A,A
Mexico,Xalapa,"511000",2015,"470000",28,"18300",73,"7000",2010,C,B
India,"Patiala, HR","510000",2015,"510000",35,"14600",91,"5600",2015,D,B
India,"Udaipur, RJ","510000",2015,"510000",28,"18200",73,"7000",2015,D,B
Lithuania,Vilnius,"510000",2015,"510000",85,"6000",220,"2300",2015,D,B
Macedonia,Skopje,"510000",2015,"500000",35,"14600",91,"5600",2010,C,B
Morocco,Tetouan,"510000",2015,"510000",20,"25500",52,"9800",2015,D,B
Myanmar,Bago,"510000",2015,"510000",22,"23200",57,"9000",2015,D,B
Japan,Matsuyama,"509000",2015,"500000",31,"16400",80,"6300",2010,C,B
Russia,Naberezhnye Tchelny,"509000",2015,"510000",50,"10200",130,"3900",2010,C,B
Germany,Aachen,"508000",2011,"510000",80,"6400",207,"2500",2011,C,B
Japan,Utsunomiya,"508000",2015,"500000",46,"11000",119,"4300",2010,C,B
India,"Rajahmundry, AP","507000",2015,"475000",21,"24100",54,"9300",2011,A,B
Japan,Mito,"505000",2005,"500000",95,"5300",246,"2100",2005,C,B
Russia,Penza,"504000",2015,"510000",47,"10700",122,"4100",2010,C,B
Egypt,Al Mahallah al Kubra,"502000",2015,"450000",10,"50200",26,"19400",2006,C,B
Spain,Murcia,"502000",2015,"475000",38,"13200",98,"5100",2011,C,B
Afghanistan,Kandahar,"500000",2015,"500000",25,"20000",65,"7700",2015,F,B
China,"Lhasa, TIB","500000",2010,"500000",40,"12500",104,"4800",2010,F,B
Congo (Dem. Rep.),Kolwezi,"500000",2015,"500000",19,"26300",49,"10200",2015,D,B
Congo (Dem. Rep.),Likasi,"500000",2015,"500000",25,"20000",65,"7700",2015,D,B
Egypt,Al Mansurah,"500000",2015,"500000",13,"38500",34,"14900",2015,D,B
India,"Gaya, BR","500000",2015,"500000",12,"41700",31,"16100",2015,D,B
India,"Imphal, MN","500000",2015,"500000",25,"20000",65,"7700",2015,D,B
India,"Jalgaon, MH","500000",2015,"500000",15,"33300",39,"12900",2015,D,B
India,"Kurnool, AP","500000",2015,"500000",12,"41700",31,"16100",2015,D,B
India,"Tellicherry, KL","500000",2001,"500000",31,"16100",80,"6200",2001,A,B
India,"Thoothukkudi, TN","500000",2015,"500000",50,"10000",130,"3900",2015,D,B
Iraq,Hillah,"500000",2015,"500000",19,"26300",49,"10200",2015,D,B
Iraq,Nasiriyah,"500000",2015,"500000",22,"22700",57,"8800",2015,D,B
Kazakhstan,Karagandy,"500000",2015,"500000",113,"4400",293,"1700",2015,D,B
Nigeria,Umuahia,"500000",2015,"500000",19,"26300",49,"10200",2015,D,B
Pakistan,Larkana,"500000",2015,"500000",10,"50000",26,"19300",2015,D,B
South Africa,Bloemfontein,"500000",2015,"500000",68,"7400",176,"2800",2015,D,B
Zambia,Ndola,"500000",2015,"500000",36,"13900",93,"5400",2015,D,B